Date,Ticker,weighted positive sentiment score,weighted negative sentiment score,weighted neutral sentiment score,weighted compound sentiment score
2011-05-13,NVDA,0.099,0.061,0.8399999999999999,0.5033
2011-07-21,NVDA,0.0,0.057,0.943,-0.2254
2011-07-25,NVDA,0.054,0.11,0.836,-0.343
2011-08-01,NVDA,0.125,0.186,0.689,-0.7096
2011-08-11,NVDA,0.193,0.089,0.718,0.6548
2011-08-12,NVDA,0.094,0.129,0.777,-0.4817
2011-08-23,NVDA,0.148,0.068,0.7840000000000001,0.5669
2011-09-06,NVDA,0.083,0.066,0.851,-0.0449
2011-09-07,NVDA,0.189,0.026,0.785,0.8539
2011-10-04,NVDA,0.101,0.185,0.715,-0.5616
2011-10-20,NVDA,0.06,0.0,0.94,0.5574
2011-11-01,NVDA,0.059,0.194,0.747,-0.8634
2011-11-10,NVDA,0.18232718894009217,0.116,0.8346904619076184,-0.0737
2011-11-11,NVDA,0.15667938931297712,0.07200729927007299,0.8027564022485946,0.6781999999999999
2011-11-21,NVDA,0.173,0.034,0.793,0.8203
2011-11-22,NVDA,0.152,0.0,0.848,0.7578999999999999
2011-11-30,NVDA,0.089,0.058,0.853,0.2023
2012-01-05,NVDA,0.06,0.11,0.831,-0.6124
2012-01-24,NVDA,0.026,0.174,0.799,-0.8359
2012-01-25,NVDA,0.226,0.165,0.609,0.7506
2012-02-15,NVDA,0.185,0.0,0.815,0.6261
2012-02-16,NVDA,0.091,0.079,0.83,0.4425
2012-03-28,NVDA,0.149,0.0,0.851,0.7625
2012-05-07,NVDA,0.182,0.026,0.792,0.9093
2012-05-11,NVDA,0.17367435158501443,0.068,0.7935249211356467,0.6337616420361247
2012-06-11,NVDA,0.072,0.034,0.895,0.34
2012-06-19,NVDA,0.0,0.069,0.931,-0.6597
2012-08-09,NVDA,0.19,0.0,0.81,0.6261
2012-11-09,NVDA,0.053,0.021,0.926,0.43559999999999993
2013-01-07,NVDA,0.124,0.044,0.832,0.7676
2013-02-14,NVDA,0.21899999999999997,0.108,0.673,0.8693000000000001
2013-04-12,NVDA,0.139,0.042,0.819,0.8817
2013-05-10,NVDA,0.089,0.09800000000000002,0.813,-0.2655
2013-05-14,NVDA,0.176,0.07,0.754,0.4215
2013-06-19,NVDA,0.06,0.0,0.94,0.5579
2013-11-18,NVDA,0.154,0.088,0.7590000000000001,0.1643
2014-02-12,NVDA,0.14,0.0,0.8599999999999999,0.2394
2014-03-19,NVDA,0.0,0.0,1.0,0.0
2014-04-01,NVDA,0.0,0.0,1.0,0.0
2014-05-06,NVDA,0.0,0.153,0.847,-0.6597
2014-05-08,NVDA,0.115,0.135,0.75,-0.3864
2014-05-19,NVDA,0.117,0.0,0.883,0.4331
2014-08-07,NVDA,0.085,0.0,0.9593864229765013,0.2394
2014-08-08,NVDA,0.124,0.0,0.8759999999999999,0.659
2015-02-11,NVDA,0.073,0.111,0.9173215859030837,-0.2605
2015-03-23,NVDA,0.0,0.063,0.937,-0.2732
2015-05-08,NVDA,0.0,0.134,0.866,-0.765
2015-05-27,NVDA,0.046,0.0,0.954,0.2732
2015-08-06,NVDA,0.151,0.1633766233766234,0.7723251135626217,-0.2074145490981964
2015-08-26,NVDA,0.0,0.022,0.978,-0.10269999999999999
2015-10-30,NVDA,0.0,0.0,1.0,0.0
2015-11-05,NVDA,0.082,0.125,0.9084489682097044,-0.2605
2015-11-06,NVDA,0.121,0.0,0.879,0.7351000000000001
2016-01-14,NVDA,0.096,0.144,0.761,-0.1779
2016-02-17,NVDA,0.078,0.12,0.9114941699056079,-0.2605
2016-05-12,NVDA,0.268,0.0,0.8867344110854503,0.6782
2016-05-13,NVDA,0.402,0.0,0.598,0.7736999999999999
2016-06-13,NVDA,0.0,0.0,1.0,0.0
2016-07-26,NVDA,0.0,0.0,1.0,0.0
2016-08-11,NVDA,0.304,0.0,0.875245283018868,0.4453
2016-08-12,NVDA,0.259,0.0,0.8897650775416428,0.6808
2016-10-24,NVDA,0.118,0.0,0.882,0.4215
2016-11-07,NVDA,0.0,0.0,1.0,0.0
2016-11-10,NVDA,0.039,0.09800000000000002,0.9361138560687431,-0.4506
2016-11-11,NVDA,0.348859649122807,0.093,0.7451833218470021,0.0376000000000001
2016-11-14,NVDA,0.291,0.07,0.639,0.7844999999999999
2016-11-16,NVDA,0.162,0.026,0.8119999999999999,0.7478999999999999
2016-12-01,NVDA,0.0,0.055,0.945,-0.2732
2016-12-12,NVDA,0.106,0.0,0.894,0.6779
2016-12-14,NVDA,0.114,0.0,0.886,0.4767
2016-12-20,NVDA,0.177,0.0,0.823,0.7609
2016-12-27,NVDA,0.0,0.0,1.0,0.0
2016-12-28,NVDA,0.084,0.048,0.868,0.4635
2017-01-09,NVDA,0.057,0.034,0.909,0.3182
2017-02-09,NVDA,0.04900000000000001,0.077,0.874,-0.2835
2017-02-10,NVDA,0.193,0.0,0.807,0.8677
2017-02-24,NVDA,0.0,0.0,1.0,0.0
2017-04-04,NVDA,0.113,0.15667938931297712,0.8125027692307694,-0.331
2017-04-10,NVDA,0.0,0.062,0.938,-0.2151
2017-05-09,NVDA,0.388,0.0,0.8526947890818858,0.8316
2017-05-11,NVDA,0.128,0.0,0.872,0.5063
2017-05-19,NVDA,0.0,0.0,1.0,0.0
2017-05-26,NVDA,0.20999999999999996,0.06,0.731,0.5514
2017-05-30,NVDA,0.074,0.0,0.926,0.3818
2017-06-08,NVDA,0.0,0.0,1.0,0.0
2017-06-09,NVDA,0.118,0.039,0.9281871947911016,0.5106
2017-06-20,NVDA,0.0,0.133,0.867,-0.3315
2017-08-10,NVDA,0.115,0.062,0.9200927043335161,0.2047
2017-08-14,NVDA,0.17273020527859237,0.0,0.8299584086799278,0.5168381663113008
2017-09-11,NVDA,0.089,0.122,0.7890000000000001,0.0
2017-09-15,NVDA,0.0,0.0,1.0,0.0
2017-09-18,NVDA,0.0,0.0,1.0,0.0
2017-09-27,NVDA,0.17,0.0,0.83,0.5423
2017-09-29,NVDA,0.0,0.0,1.0,0.0
2017-10-10,NVDA,0.0,0.0,1.0,0.0
2017-10-11,NVDA,0.0,0.0,1.0,0.0
2017-10-13,NVDA,0.0,0.0,1.0,0.0
2017-11-09,NVDA,0.12650980392156863,0.0,0.93626895565093,0.4971859479916982
2017-11-10,NVDA,0.118,0.0,0.882,0.2201
2017-12-12,NVDA,0.128,0.0,0.872,0.296
2017-12-13,NVDA,0.0,0.0,1.0,0.0
2018-01-05,NVDA,0.094,0.0,0.906,0.2201
2018-01-10,NVDA,0.141,0.094,0.765,0.2023
2018-01-16,NVDA,0.0,0.0,1.0,0.0
2018-01-19,NVDA,0.0,0.0,1.0,0.0
2018-02-02,NVDA,0.123,0.093,0.7829999999999999,0.25
2018-02-05,NVDA,0.0,0.0,1.0,0.0
2018-02-08,NVDA,0.234,0.0,0.8985028312570782,0.6261
2018-02-09,NVDA,0.0,0.0,1.0,0.0
2018-02-13,NVDA,0.104,0.0,0.8960000000000001,0.296
2018-03-12,NVDA,0.0,0.0,1.0,0.0
2018-03-14,NVDA,0.0,0.0,1.0,0.0
2018-03-22,NVDA,0.0,0.0,1.0,0.0
2018-03-27,NVDA,0.054,0.2124202401372213,0.8555994647636039,-0.7008602270829855
2018-03-29,NVDA,0.0,0.0,1.0,0.0
2018-04-02,NVDA,0.07,0.131,0.798,-0.3182
2018-04-03,NVDA,0.079,0.0,0.9209999999999999,0.2023
2018-04-04,NVDA,0.0,0.0,1.0,0.0
2018-04-05,NVDA,0.0,0.075,0.925,-0.2732
2018-04-09,NVDA,0.0,0.217,0.7829999999999999,-0.3612
2018-04-10,NVDA,0.0,0.0,1.0,0.0
2018-04-13,NVDA,0.312,0.0,0.688,0.8387
2018-05-07,NVDA,0.10499999999999998,0.0,0.895,0.2201
2018-05-10,NVDA,0.163,0.065,0.772,0.409
2018-05-11,NVDA,0.238,0.0,0.8970737797956867,0.2201
2018-05-14,NVDA,0.0,0.0,1.0,0.0
2018-05-18,NVDA,0.0,0.0,1.0,0.0
2018-06-06,NVDA,0.0,0.0,1.0,0.0
2018-06-18,NVDA,0.0,0.0,1.0,0.0
2018-06-26,NVDA,0.0,0.0,1.0,0.0
2018-06-27,NVDA,0.081,0.0,0.919,0.296
2018-07-12,NVDA,0.171,0.0,0.8289999999999998,0.4767
2018-08-13,NVDA,0.0,0.0,1.0,0.0
2018-08-16,NVDA,0.151,0.051,0.797,0.4369
2018-08-17,NVDA,0.0,0.0,1.0,0.0
2018-08-21,NVDA,0.092,0.108,0.8000000000000002,0.128
2018-08-22,NVDA,0.0,0.0,1.0,0.0
2018-09-04,NVDA,0.19600000000000004,0.0,0.804,0.5994
2018-09-14,NVDA,0.0,0.0,1.0,0.0
2018-09-28,NVDA,0.0,0.0,1.0,0.0
2018-10-10,NVDA,0.0,0.0,1.0,0.0
2018-10-22,NVDA,0.051,0.0,0.949,0.1938
2018-10-23,NVDA,0.0,0.104,0.8960000000000001,-0.1901
2018-11-19,NVDA,0.09800000000000002,0.0,0.902,0.3818
2018-11-20,NVDA,0.146,0.0,0.854,0.34
2018-11-21,NVDA,0.0,0.0,1.0,0.0
2018-11-28,NVDA,0.216,0.0,0.7840000000000001,0.7003
2018-12-03,NVDA,0.106,0.0,0.894,0.3818
2018-12-14,NVDA,0.0,0.0,1.0,0.0
2019-01-25,NVDA,0.242,0.065,0.693,0.5153
2019-03-19,NVDA,0.083,0.0,0.917,0.4588
2019-05-16,NVDA,0.115,0.091,0.9088272017837234,-0.04900000000000001
2019-06-26,NVDA,0.0,0.0,1.0,0.0
2019-06-27,NVDA,0.0,0.0,1.0,0.0
2019-07-02,NVDA,0.337,0.0,0.663,0.9136
2019-07-11,NVDA,0.155,0.0,0.845,0.296
2019-07-30,NVDA,0.25,0.0,0.75,0.5682
2019-08-13,NVDA,0.0,0.091,0.909,-0.128
2019-08-15,NVDA,0.093,0.0,0.955767697954903,0.2394
2019-08-21,NVDA,0.0,0.0,1.0,0.0
2019-08-29,NVDA,0.167,0.0,0.833,0.296
2019-10-07,NVDA,0.0,0.0,1.0,0.0
2019-10-28,NVDA,0.0,0.0,1.0,0.0
2019-11-11,NVDA,0.0,0.0,1.0,0.0
2019-11-12,NVDA,0.10499999999999998,0.0,0.895,0.2201
2019-11-25,NVDA,0.083,0.118,0.8000000000000002,-0.1874
2019-12-20,NVDA,0.174,0.0,0.826,0.4215
2019-12-24,NVDA,0.0,0.0,1.0,0.0
2019-12-26,NVDA,0.299,0.15,0.551,0.4404
2019-12-27,NVDA,0.0,0.0,1.0,0.0
2019-12-30,NVDA,0.119,0.0,0.881,0.22629999999999997
2019-12-31,NVDA,0.30846753246753245,0.0,0.6922080924855492,0.6061476009265386
2020-01-06,NVDA,0.0,0.0,1.0,0.0
2020-01-07,NVDA,0.169,0.0,0.831,0.3929
2020-01-08,NVDA,0.19600000000000004,0.0,0.9438002853067047,0.296
2020-01-09,NVDA,0.20104477611940297,0.0,0.7990112640801003,0.28570979693623083
2020-01-11,NVDA,0.0,0.0,1.0,0.0
2020-01-13,NVDA,0.18338350515463916,0.176,0.8945082949308756,0.1763279766081871
2020-01-15,NVDA,0.0,0.0,1.0,0.0
2020-01-17,NVDA,0.324,0.0,0.9404178454842219,0.6452
2020-01-21,NVDA,0.062,0.0,0.938,0.10269999999999999
2020-01-22,NVDA,0.0,0.35,0.65,-0.6486
2020-01-28,NVDA,0.225,0.0,0.775,0.4404
2020-01-29,NVDA,0.3992222222222222,0.531,0.7492678832116788,0.2066867192883543
2020-02-04,NVDA,0.0,0.0,1.0,0.0
2020-02-05,NVDA,0.0,0.0,1.0,0.0
2020-02-06,NVDA,0.0,0.0,1.0,0.0
2020-02-07,NVDA,0.21423076923076922,0.231,0.8495320608410379,0.07612251506024098
2020-02-08,NVDA,0.0,0.259,0.7410000000000001,-0.4215
2020-02-10,NVDA,0.23178222222222222,0.0,0.7769690322580644,0.40856333199679234
2020-02-11,NVDA,0.34125000000000005,0.0,0.6666566265060241,0.4858230916030534
2020-02-12,NVDA,0.39381731784582896,0.0,0.8583629410313348,0.5324155804404628
2020-02-13,NVDA,0.37831730390224677,0.0,0.7112925132710965,0.5825793316607609
2020-02-14,NVDA,0.3351326397919376,0.2141447154471545,0.8052812065886089,0.3025324371683188
2020-02-18,NVDA,0.1476736111111111,0.136,0.8718703416149067,0.13920000000000002
2020-02-19,NVDA,0.269003717472119,0.0,0.8402615759545086,0.4026221467746147
2020-02-20,NVDA,0.26893678887484196,0.0,0.8626108339272988,0.4485087274994155
2020-02-21,NVDA,0.26114035087719295,0.0,0.8913005448809865,0.5177734712538576
2020-02-24,NVDA,0.231,0.273,0.8328983957219251,-0.128
2020-02-25,NVDA,0.0,0.0,1.0,0.0
2020-02-26,NVDA,0.43728373702422146,0.0,0.5693954104148279,0.6882404821037253
2020-02-28,NVDA,0.16417538461538464,0.0,0.8378250746268656,0.29288343153008395
2020-03-02,NVDA,0.0,0.439,0.561,-0.5719
2020-03-03,NVDA,0.0,0.0,1.0,0.0
2020-03-04,NVDA,0.198,0.0,0.802,0.2432
2020-03-05,NVDA,0.0,0.0,1.0,0.0
2020-03-06,NVDA,0.293,0.0,0.9441189641219314,0.4404
2020-03-10,NVDA,0.311,0.185,0.8337872340425532,0.3612
2020-03-11,NVDA,0.259,0.239,0.7511331557922769,0.1255
2020-03-12,NVDA,0.0,0.388,0.8526947890818858,-0.6908
2020-03-13,NVDA,0.0,0.0,1.0,0.0
2020-03-14,NVDA,0.172,0.0,0.828,0.2201
2020-03-15,NVDA,0.0,0.0,1.0,0.0
2020-03-16,NVDA,0.0,0.206,0.7940000000000002,-0.3818
2020-03-19,NVDA,0.216,0.0,0.9050762331838565,0.5106
2020-03-20,NVDA,0.22400000000000003,0.0,0.9021261261261262,0.3818
2020-03-23,NVDA,0.0,0.0,1.0,0.0
2020-03-24,NVDA,0.2073825665859564,0.2569168,0.9083613867604572,-0.20345088809946715
2020-03-25,NVDA,0.246,0.157,0.8493481527864747,0.2946
2020-03-26,NVDA,0.0,0.0,1.0,0.0
2020-03-27,NVDA,0.292,0.0,0.8789601873536299,0.5106
2020-03-31,NVDA,0.159,0.0,0.9529324181626188,0.1779
2020-04-02,NVDA,0.3477018992568125,0.122,0.6770974878140233,0.5091842602448111
2020-04-03,NVDA,0.20592105263157895,0.0,0.8137345679012344,0.3153698426023085
2020-04-06,NVDA,0.0,0.28,0.72,-0.5423
2020-04-07,NVDA,0.185,0.0,0.9169283746556475,0.3612
2020-04-08,NVDA,0.28623244552058114,0.0,0.7288077276908924,0.48854248049922
2020-04-13,NVDA,0.0,0.0,1.0,0.0
2020-04-15,NVDA,0.0,0.0,1.0,0.0
2020-04-16,NVDA,0.2837820419985518,0.0,0.7266932854379664,0.4619054643373177
2020-04-17,NVDA,0.26616015625,0.0,0.7474959677419355,0.4767
2020-04-20,NVDA,0.167,0.0,0.833,0.2023
2020-04-21,NVDA,0.238,0.0,0.9343388848660391,0.2201
2020-04-22,NVDA,0.0,0.0,1.0,0.0
2020-04-23,NVDA,0.0,0.259,0.7410000000000001,-0.4215
2020-04-24,NVDA,0.0,0.0,1.0,0.0
2020-04-25,NVDA,0.0,0.0,1.0,0.0
2020-04-27,NVDA,0.24213024282560702,0.0,0.865208087946604,0.5287357808982742
2020-04-29,NVDA,0.34,0.0,0.66,0.5574
2020-05-01,NVDA,0.1607821782178218,0.182,0.7792983498349834,0.1823363875493205
2020-05-04,NVDA,0.227,0.0,0.9367216011539847,0.1938
2020-05-06,NVDA,0.158,0.0,0.9277763300760042,0.2201
2020-05-08,NVDA,0.17420689655172414,0.094,0.8667099296325255,0.2850566408995081
2020-05-09,NVDA,0.252,0.0,0.748,0.4019
2020-05-11,NVDA,0.19600000000000004,0.0,0.9126474501108648,0.296
2020-05-12,NVDA,0.2010498753117207,0.0,0.7996378986866792,0.2201
2020-05-13,NVDA,0.2565740740740741,0.0,0.8675706880301604,0.4465199132782459
2020-05-14,NVDA,0.27534297520661155,0.17031125827814567,0.9318613255644573,0.3370373552631578
2020-05-15,NVDA,0.19,0.0,0.9149723756906077,0.2201
2020-05-18,NVDA,0.2944360465116279,0.137,0.8428348509933775,0.35064779001116964
2020-05-19,NVDA,0.14657388316151201,0.252,0.7458516483516484,0.03119999999999997
2020-05-20,NVDA,0.33861779575328615,0.0,0.6747354549975138,0.4266257010180389
2020-05-21,NVDA,0.23635392670157068,0.233,0.8554629271437783,0.17705641368384575
2020-05-22,NVDA,0.27980500894454385,0.0,0.8089882966946069,0.41002744237609123
2020-05-23,NVDA,0.0,0.0,1.0,0.0
2020-05-24,NVDA,0.0,0.0,1.0,0.0
2020-05-26,NVDA,0.1660703363914373,0.168,0.8958904109589041,0.318
2020-05-27,NVDA,0.0,0.0,1.0,0.0
2020-05-28,NVDA,0.0,0.0,1.0,0.0
2020-05-29,NVDA,0.284,0.0,0.8815011655011655,0.5542
2020-06-01,NVDA,0.181,0.0,0.819,0.4767
2020-06-02,NVDA,0.155,0.0,0.9290108401084011,0.296
2020-06-03,NVDA,0.26019222462203023,0.244,0.8399650774369875,0.1199171821305842
2020-06-04,NVDA,0.0,0.0,1.0,0.0
2020-06-06,NVDA,0.0,0.0,1.0,0.0
2020-06-08,NVDA,0.0,0.0,1.0,0.0
2020-06-10,NVDA,0.0,0.17900000000000002,0.821,-0.3412
2020-06-11,NVDA,0.3140181219110379,0.0,0.8772793987621574,0.3927862339701649
2020-06-12,NVDA,0.247,0.0,0.753,0.2432
2020-06-17,NVDA,0.0,0.0,1.0,0.0
2020-06-18,NVDA,0.0,0.0,1.0,0.0
2020-06-20,NVDA,0.158,0.0,0.842,0.2201
2020-06-22,NVDA,0.18067283950617283,0.0,0.9277850924918388,0.3041539130434783
2020-06-23,NVDA,0.0,0.2767472283813747,0.872033346410357,-0.4176332288401254
2020-06-25,NVDA,0.187,0.0,0.813,0.3182
2020-06-28,NVDA,0.22,0.0,0.78,0.2439
2020-06-30,NVDA,0.0,0.0,1.0,0.0
2020-07-01,NVDA,0.312,0.0,0.8728341232227488,0.4721
2020-07-02,NVDA,0.0,0.0,1.0,0.0
2020-07-03,NVDA,0.0,0.0,1.0,0.0
2020-07-06,NVDA,0.0,0.0,1.0,0.0
2020-07-07,NVDA,0.0,0.0,1.0,0.0
2020-07-08,NVDA,0.30730718954248365,0.0,0.9033892433910665,0.452697966728281
2020-07-10,NVDA,0.0,0.0,1.0,0.0
2020-07-12,NVDA,0.241,0.0,0.7590000000000001,0.22629999999999997
2020-07-13,NVDA,0.167,0.0,0.9508962230850687,0.25
2020-07-15,NVDA,0.0,0.0,1.0,0.0
2020-07-17,NVDA,0.246,0.119,0.8582415902140672,0.3818
2020-07-20,NVDA,0.0,0.0,1.0,0.0
2020-07-21,NVDA,0.29032965009208106,0.0,0.8431619861619863,0.49033870967741927
2020-07-22,NVDA,0.198,0.0,0.9118779134295227,0.2432
2020-07-23,NVDA,0.0,0.0,1.0,0.0
2020-07-27,NVDA,0.247,0.0,0.753,0.3182
2020-07-28,NVDA,0.0,0.268,0.732,-0.296
2020-07-29,NVDA,0.0,0.0,1.0,0.0
2020-07-30,NVDA,0.0,0.0,1.0,0.0
2020-07-31,NVDA,0.36897382769901854,0.0,0.8123091144988647,0.3741529411764705
2020-08-03,NVDA,0.32,0.0,0.68,0.5106
2020-08-04,NVDA,0.18871584699453556,0.17216109422492404,0.8111960281870597,0.31632119550315324
2020-08-05,NVDA,0.255,0.35800000000000004,0.6973244412400865,-0.07839999999999998
2020-08-06,NVDA,0.0,0.0,1.0,0.0
2020-08-07,NVDA,0.0,0.0,1.0,0.0
2020-08-10,NVDA,0.0,0.0,1.0,0.0
2020-08-11,NVDA,0.2337241379310345,0.212,0.6735343396226415,0.4019
2020-08-12,NVDA,0.0,0.145,0.855,-0.296
2020-08-13,NVDA,0.3270064205457464,0.0,0.8758439443292864,0.6023542807221898
2020-08-14,NVDA,0.26599795501022494,0.137,0.7162130909090909,0.23261038793103447
2020-08-17,NVDA,0.15,0.0,0.9668831168831169,0.3182
2020-08-18,NVDA,0.3254461994076999,0.0,0.8629791457790256,0.2201
2020-08-19,NVDA,0.26648034342521465,0.22941433021806856,0.8261517272319426,0.2949964974636806
2020-08-20,NVDA,0.21299483204134367,0.28160142348754447,0.7901142265413414,0.11581294026243094
2020-08-21,NVDA,0.147,0.0,0.9560494216614092,0.22629999999999997
2020-08-22,NVDA,0.323,0.0,0.677,0.6474
2020-08-24,NVDA,0.24108801955990222,0.5792549246813442,0.6705324074074075,-0.4613992
2020-08-25,NVDA,0.591,0.0,0.8996600249066004,0.8259
2020-08-26,NVDA,0.276,0.2729038817005545,0.7282716445258819,0.14337961916557015
2020-08-27,NVDA,0.0,0.0,1.0,0.0
2020-08-28,NVDA,0.155,0.0,0.95396309314587,0.296
2020-09-01,NVDA,0.175,0.0,0.9488938053097344,0.5244
2020-09-02,NVDA,0.33754641350210973,0.0,0.9109463981849122,0.5565245756305408
2020-09-03,NVDA,0.259,0.0,0.7410000000000001,0.4215
2020-09-04,NVDA,0.0,0.0,1.0,0.0
2020-09-08,NVDA,0.273,0.0,0.7269999999999999,0.4588
2020-09-09,NVDA,0.0,0.0,1.0,0.0
2020-09-10,NVDA,0.0,0.0,1.0,0.0
2020-09-11,NVDA,0.383,0.0,0.8538583797155226,0.6074
2020-09-14,NVDA,0.34,0.553896103896104,0.9175761973875182,-0.29926367021959677
2020-09-15,NVDA,0.3769342465753424,0.24969979296066253,0.8950516245023757,0.19989515631880228
2020-09-16,NVDA,0.45179775280898876,0.23767789473684212,0.766161485557084,0.07933589319585624
2020-09-17,NVDA,0.0,0.217,0.9550856463124504,-0.3612
2020-09-18,NVDA,0.2688004158004158,0.292,0.8339420745397396,0.29288343153008395
2020-09-21,NVDA,0.0,0.0,1.0,0.0
2020-09-22,NVDA,0.217,0.174,0.8520080795525171,0.128
2020-09-23,NVDA,0.0,0.0,1.0,0.0
2020-09-24,NVDA,0.0,0.122,0.878,-0.2023
2020-09-25,NVDA,0.234,0.121,0.8608054711246201,0.34
2020-09-26,NVDA,0.0,0.0,1.0,0.0
2020-09-28,NVDA,0.318,0.0,0.919136465324385,0.4215
2020-09-29,NVDA,0.22400000000000003,0.0,0.9021261261261262,0.3818
2020-09-30,NVDA,0.0,0.0,1.0,0.0
2020-10-01,NVDA,0.0,0.174,0.826,-0.2732
2020-10-02,NVDA,0.11200000000000002,0.0,0.9655623268698061,0.22629999999999997
2020-10-05,NVDA,0.19680878552971579,0.22400000000000003,0.9388175665282265,0.3161513060137377
2020-10-06,NVDA,0.252,0.271,0.8889689387402934,0.02010000000000002
2020-10-07,NVDA,0.206,0.0,0.9568887717448603,0.3818
2020-10-08,NVDA,0.0,0.18,0.918901098901099,-0.296
2020-10-09,NVDA,0.0,0.0,1.0,0.0
2020-10-12,NVDA,0.306,0.0,0.694,0.5267
2020-10-13,NVDA,0.189,0.0,0.811,0.3252
2020-10-14,NVDA,0.198,0.157,0.8230109422492401,0.166
2020-10-15,NVDA,0.256,0.0,0.930588921282799,0.4754
2020-10-16,NVDA,0.0,0.135,0.9592408376963351,-0.10269999999999999
2020-10-21,NVDA,0.0,0.0,1.0,0.0
2020-10-29,NVDA,0.2357982456140351,0.0,0.7743031088082902,0.4083528827701293
2020-11-02,NVDA,0.332,0.0,0.668,0.45409999999999995
2020-11-03,NVDA,0.0,0.171,0.8289999999999998,-0.4767
2020-11-04,NVDA,0.172,0.0,0.828,0.2201
2020-11-05,NVDA,0.231,0.0,0.8995822498586772,0.34
2020-11-06,NVDA,0.207,0.221,0.9047222870478414,-0.0516
2020-11-09,NVDA,0.247,0.198,0.865054011741683,-0.39370000000000005
2020-11-10,NVDA,0.0,0.0,1.0,0.0
2020-11-12,NVDA,0.29122511848341237,0.164,0.6822245102963336,0.6052428962996803
2020-11-13,NVDA,0.17488472622478388,0.0,0.8267906836055656,0.352410006234414
2020-11-16,NVDA,0.2356374589266155,0.0,0.90152913785805,0.4075262492554107
2020-11-17,NVDA,0.275970509383378,0.127,0.8212999680204669,0.3155229745505487
2020-11-18,NVDA,0.2676378676470588,0.1615015479876161,0.8135949473684211,0.37066158124154513
2020-11-19,NVDA,0.3350925925925926,0.1548381112984823,0.8079873681468941,0.31414475968200717
2020-11-20,NVDA,0.07,0.0,0.93,0.0516
2020-11-21,NVDA,0.147,0.239,0.613,-0.3612
2020-11-23,NVDA,0.357,0.0,0.9131475595913735,0.6124
2020-11-24,NVDA,0.211,0.0,0.8708463925523662,0.2201
2020-11-25,NVDA,0.457,0.0,0.8391762799740765,0.6369
2020-11-29,NVDA,0.0,0.0,1.0,0.0
2020-11-30,NVDA,0.2835220458553792,0.0,0.7165087229588276,0.4280000243013366
2020-12-01,NVDA,0.32596910324039186,0.306,0.7937762250791875,0.45780895487672507
2020-12-02,NVDA,0.195,0.0,0.9130332409972298,0.4404
2020-12-06,NVDA,0.412,0.0,0.588,0.4215
2020-12-07,NVDA,0.0,0.0,1.0,0.0
2020-12-08,NVDA,0.0,0.0,1.0,0.0
2020-12-09,NVDA,0.256,0.0,0.744,0.4767
2020-12-10,NVDA,0.0,0.0,1.0,0.0
2020-12-11,NVDA,0.26169395711500976,0.099,0.7046570605187321,0.4311408898305085
2020-12-14,NVDA,0.0,0.0,1.0,0.0
2020-12-15,NVDA,0.0,0.0,1.0,0.0
2020-12-18,NVDA,0.158,0.0,0.9772276617596714,0.2201
2020-12-20,NVDA,0.0,0.271,0.729,-0.3818
2020-12-22,NVDA,0.292,0.0,0.708,0.5106
2020-12-23,NVDA,0.0,0.0,1.0,0.0
2020-12-24,NVDA,0.18,0.0,0.82,0.2432
2020-12-28,NVDA,0.247,0.0,0.753,0.2432
2020-12-29,NVDA,0.0,0.0,1.0,0.0
2020-12-30,NVDA,0.208,0.0,0.9080714285714285,0.2229
2021-01-05,NVDA,0.0,0.0,1.0,0.0
2021-01-06,NVDA,0.32379441117764474,0.0,0.9383926168394254,0.756183940711022
2021-01-07,NVDA,0.0,0.255,0.9492723631508678,-0.34
2021-01-08,NVDA,0.341,0.0,0.8645455093429776,0.6908
2021-01-09,NVDA,0.0,0.0,1.0,0.0
2021-01-12,NVDA,0.0,0.145,0.9565761821366023,-0.296
2021-01-14,NVDA,0.384,0.109,0.507,0.5859
2021-01-16,NVDA,0.164,0.0,0.836,0.1926
2021-01-17,NVDA,0.0,0.31,0.69,-0.5563
2021-01-18,NVDA,0.0,0.306,0.694,-0.296
2021-01-20,NVDA,0.227,0.148,0.625,0.25
2021-01-23,NVDA,0.457,0.0,0.543,0.6369
2021-02-02,NVDA,0.391,0.0,0.609,0.5423
2021-02-04,NVDA,0.0,0.0,1.0,0.0
2021-02-07,NVDA,0.238,0.0,0.762,0.2201
2021-02-08,NVDA,0.0,0.0,1.0,0.0
2021-02-10,NVDA,0.141,0.182,0.8390011926058436,-0.006799999999999995
2021-02-11,NVDA,0.0,0.125,0.875,-0.25
2021-02-12,NVDA,0.153,0.0,0.847,0.2023
2021-02-14,NVDA,0.10000000000000002,0.111,0.7890000000000001,-0.0516
2021-02-15,NVDA,0.0,0.0,1.0,0.0
2021-02-16,NVDA,0.0,0.0,1.0,0.0
2021-02-17,NVDA,0.325,0.0,0.675,0.4301
2021-02-19,NVDA,0.19886397984886647,0.0,0.8778136765270841,0.24848710333604554
2021-02-22,NVDA,0.41461771944216574,0.118,0.7361152835148328,0.544413811070925
2021-02-23,NVDA,0.16053894080996886,0.139,0.7763307342430149,0.18379212246302032
2021-02-24,NVDA,0.2700322966507177,0.0,0.8818255228505036,0.38067824249741294
2021-02-25,NVDA,0.2916290726817042,0.15581652892561984,0.8097312062539769,0.3929614628535578
2021-02-26,NVDA,0.337741214057508,0.0,0.6982721979621543,0.6343716124148373
2021-03-01,NVDA,0.463,0.173,0.8835606420927468,0.3157000000000001
2021-03-02,NVDA,0.451,0.3469751166407465,0.6497932843651627,0.02600693096756298
2021-03-03,NVDA,0.35500000000000004,0.0,0.8608054711246201,0.5106
2021-03-04,NVDA,0.247,0.0,0.8939013120365088,0.2432
2021-03-05,NVDA,0.18,0.0,0.82,0.2432
2021-03-09,NVDA,0.19600000000000004,0.0,0.9126474501108648,0.296
2021-03-10,NVDA,0.286,0.0,0.714,0.4215
2021-03-11,NVDA,0.0,0.0,1.0,0.0
2021-03-14,NVDA,0.266,0.0,0.734,0.4404
2021-03-15,NVDA,0.28,0.127,0.593,0.4215
2021-03-16,NVDA,0.3661218836565097,0.25,0.6818737672583827,0.4602015589244851
2021-03-17,NVDA,0.0,0.0,1.0,0.0
2021-03-18,NVDA,0.296,0.0,0.9229349112426036,0.6369
2021-03-26,NVDA,0.172,0.0,0.828,0.2201
2021-03-29,NVDA,0.0,0.0,1.0,0.0
2021-04-01,NVDA,0.0,0.0,1.0,0.0
2021-04-05,NVDA,0.0,0.0,1.0,0.0
2021-04-06,NVDA,0.3496585735963581,0.0,0.680406413124534,0.6306283012716009
2021-04-09,NVDA,0.0,0.0,1.0,0.0
2021-04-10,NVDA,0.0,0.0,1.0,0.0
2021-04-12,NVDA,0.2755508412582297,0.149,0.9193076157292185,0.4609058266186176
2021-04-13,NVDA,0.2930314232902033,0.0,0.9142251625925096,0.6166563557010365
2021-04-14,NVDA,0.247,0.0,0.9324406102433709,0.2432
2021-04-15,NVDA,0.107,0.0,0.9495240359218172,0.2023
2021-04-16,NVDA,0.0,0.0,1.0,0.0
2021-04-17,NVDA,0.20299999999999999,0.0,0.797,0.4215
2021-04-19,NVDA,0.18200487012987016,0.0,0.896829443079443,0.34
2021-04-20,NVDA,0.27006870229007635,0.246,0.728860415932323,0.39776818798888103
2021-04-21,NVDA,0.2604093686354379,0.0,0.8552654444001595,0.2652711786921089
2021-04-22,NVDA,0.19726153846153846,0.0,0.8055478260869565,0.2658006701129619
2021-04-26,NVDA,0.21111848341232226,0.0,0.8708657874321178,0.4554948453608247
2021-04-27,NVDA,0.0,0.0,1.0,0.0
2021-04-28,NVDA,0.40599999999999997,0.0,0.9070300693909021,0.6249
2021-04-29,NVDA,0.0,0.0,1.0,0.0
2021-05-01,NVDA,0.321,0.0,0.8701852293031567,0.2235
2021-05-03,NVDA,0.185,0.0,0.815,0.3612
2021-05-04,NVDA,0.0,0.0,1.0,0.0
2021-05-06,NVDA,0.158,0.0,0.9277763300760042,0.2201
2021-05-07,NVDA,0.3970000000000001,0.0,0.603,0.5574
2021-05-10,NVDA,0.225,0.0,0.775,0.4404
2021-05-11,NVDA,0.0,0.0,1.0,0.0
2021-05-14,NVDA,0.286,0.0,0.714,0.4215
2021-05-17,NVDA,0.0,0.0,1.0,0.0
2021-05-18,NVDA,0.3552053941908714,0.538,0.5462558450233801,0.31989480859198144
2021-05-20,NVDA,0.1721453488372093,0.0,0.8927778614457832,0.35041285668483485
2021-05-21,NVDA,0.30246508563899865,0.0,0.9151692036532608,0.4471837241273963
2021-05-22,NVDA,0.2010498753117207,0.0,0.87672989611389,0.2201
2021-05-24,NVDA,0.2774927536231884,0.104,0.8796446280991735,0.3579361389052384
2021-05-25,NVDA,0.46655117513267635,0.125,0.5241041131105398,0.5390310944026734
2021-05-26,NVDA,0.3492998595505618,0.111,0.8260715579710146,0.3858092371134021
2021-05-27,NVDA,0.3474216795711733,0.18144751381215468,0.8558076874764476,0.44223906073605773
2021-05-28,NVDA,0.44800000000000006,0.0,0.9303783783783784,0.6882
2021-05-30,NVDA,0.0,0.0,1.0,0.0
2021-05-31,NVDA,0.0,0.137,0.863,-0.22629999999999997
2021-06-01,NVDA,0.3970000000000001,0.0,0.9572744958058184,0.6452
2021-06-02,NVDA,0.31943137254901965,0.0,0.7346775538568449,0.5594964928138842
2021-06-03,NVDA,0.16006289308176103,0.0,0.8412009512485136,0.2478720077220077
2021-06-04,NVDA,0.14864827586206894,0.20299999999999999,0.8641902672516952,0.17290000000000003
2021-06-05,NVDA,0.123,0.0,0.8769999999999999,0.2432
2021-06-07,NVDA,0.0,0.0,1.0,0.0
2021-06-08,NVDA,0.265,0.14939057239057238,0.9155484452456062,0.13490000000000002
2021-06-09,NVDA,0.0,0.0,1.0,0.0
2021-06-10,NVDA,0.0,0.0,1.0,0.0
2021-06-11,NVDA,0.0,0.0,1.0,0.0
2021-06-12,NVDA,0.0,0.143,0.857,-0.25
2021-06-14,NVDA,0.286,0.159,0.9034178403755869,0.3818
2021-06-15,NVDA,0.244,0.42464670658682635,0.8158031088082902,-0.07390451285639321
2021-06-16,NVDA,0.0,0.0,1.0,0.0
2021-06-17,NVDA,0.1964795918367347,0.245,0.8830963993688137,0.186849993964997
2021-06-18,NVDA,0.3134879459980714,0.0,0.8977577193738331,0.5499454372740087
2021-06-19,NVDA,0.0,0.0,1.0,0.0
2021-06-21,NVDA,0.24774051593323215,0.353,0.7576539491298527,-0.020910460504201738
2021-06-22,NVDA,0.24,0.0,0.76,0.4767
2021-06-23,NVDA,0.0,0.231,0.9358472372697725,-0.4019
2021-06-24,NVDA,0.575,0.0,0.8992268041237115,0.6979
2021-06-25,NVDA,0.15087375415282392,0.0,0.905303075213042,0.23600087215486068
2021-06-26,NVDA,0.0,0.0,1.0,0.0
2021-06-28,NVDA,0.3046878453038674,0.0,0.9045856709628506,0.44608458366375886
2021-06-29,NVDA,0.231,0.19895465994962216,0.8866299176578226,-0.09106666666666666
2021-06-30,NVDA,0.239,0.137,0.9171881898454746,0.06969999999999998
2021-07-01,NVDA,0.34172805139186296,0.151,0.8604380467955239,0.4592575890410959
2021-07-02,NVDA,0.22533649289099525,0.204,0.8549816241849436,0.2458621549421193
2021-07-03,NVDA,0.0,0.226,0.774,-0.3875
2021-07-04,NVDA,0.0,0.0,1.0,0.0
2021-07-06,NVDA,0.21389687500000001,0.2506090534979424,0.8738274658132092,0.11816495352651722
2021-07-07,NVDA,0.19507253886010364,0.25672854291417163,0.8038862467866323,-0.18888607242339842
2021-07-08,NVDA,0.35500000000000004,0.0,0.8608054711246201,0.7654
2021-07-09,NVDA,0.124,0.0,0.9420980810234543,0.1779
2021-07-10,NVDA,0.162,0.0,0.9261392818280739,0.4019
2021-07-14,NVDA,0.3970000000000001,0.0,0.8506606363069245,0.7645
2021-07-15,NVDA,0.0,0.197,0.9122623405435386,-0.4019
2021-07-16,NVDA,0.0,0.0,1.0,0.0
2021-07-17,NVDA,0.289,0.0,0.8799070718877849,0.4715
2021-07-19,NVDA,0.2166915887850467,0.106,0.912731751007613,0.33183420572124167
2021-07-20,NVDA,0.22739075144508672,0.21998271604938271,0.8957272962483829,0.3800940454266421
2021-07-21,NVDA,0.0,0.0,1.0,0.0
2021-07-22,NVDA,0.1973943661971831,0.24250638297872343,0.8058357519788918,-0.09387166784619014
2021-07-23,NVDA,0.20000000000000004,0.0,0.8000000000000002,0.3612
2021-07-25,NVDA,0.312,0.0,0.9201428571428573,0.3887
2021-07-26,NVDA,0.255,0.0,0.9307923497267759,0.4767
2021-07-28,NVDA,0.0,0.0,1.0,0.0
2021-07-29,NVDA,0.0,0.0,1.0,0.0
2021-07-30,NVDA,0.0,0.0,1.0,0.0
2021-08-02,NVDA,0.0,0.0,1.0,0.0
2021-08-03,NVDA,0.3168883248730965,0.178,0.8297632311977716,0.2643084886285845
2021-08-04,NVDA,0.0,0.21647196261682242,0.8696150855365474,-0.4344952009318578
2021-08-06,NVDA,0.22657894736842107,0.0,0.8813552479815456,0.18299310460813992
2021-08-07,NVDA,0.276,0.0,0.724,0.6369
2021-08-09,NVDA,0.0,0.0,1.0,0.0
2021-08-10,NVDA,0.0,0.0,1.0,0.0
2021-08-11,NVDA,0.21678998384491116,0.0,0.7963851322973541,0.46005712190829995
2021-08-12,NVDA,0.3643232044198896,0.0,0.6393181818181818,0.5794778297393263
2021-08-13,NVDA,0.2375494186046512,0.0,0.7731115916955018,0.41616653004191895
2021-08-14,NVDA,0.306,0.0,0.694,0.296
2021-08-16,NVDA,0.2410216718266254,0.0,0.8873909049150207,0.38241845510651007
2021-08-17,NVDA,0.24460313315926893,0.21264235294117648,0.7668192498870312,0.3076385718495236
2021-08-18,NVDA,0.3270469525959368,0.131,0.7962336033446564,0.3861635613955596
2021-08-19,NVDA,0.4101034482758621,0.19988524590163934,0.7729380111924236,0.40694450569702406
2021-08-20,NVDA,0.16,0.15044651162790698,0.9468960680127524,-0.1561865576284181
2021-08-21,NVDA,0.31,0.0,0.69,0.6597
2021-08-22,NVDA,0.306,0.0,0.8746375442739079,0.296
2021-08-23,NVDA,0.27625,0.0,0.7295879120879121,0.33183420572124167
2021-08-24,NVDA,0.0,0.128,0.9809918256130791,-0.22629999999999997
2021-08-25,NVDA,0.0,0.0,1.0,0.0
2021-08-26,NVDA,0.472,0.0,0.528,0.7307
2021-08-27,NVDA,0.2558792372881356,0.0,0.8268121301775149,0.4475672850022083
2021-08-28,NVDA,0.6390815450643778,0.0,0.6850411985018726,0.449788256227758
2021-08-29,NVDA,0.295,0.0,0.9231146025878003,0.4159
2021-08-30,NVDA,0.39176567656765676,0.0,0.7355882352941175,0.6850840734836409
2021-08-31,NVDA,0.20493782383419687,0.0,0.9150819037078031,0.4522878367120245
2021-09-01,NVDA,0.19600000000000004,0.0,0.804,0.296
2021-09-03,NVDA,0.23126185101580138,0.154,0.804063670411985,0.07841471197679235
2021-09-04,NVDA,0.255,0.0,0.8911318051575932,0.6249
2021-09-05,NVDA,0.0,0.149,0.851,-0.4215
2021-09-06,NVDA,0.18,0.0,0.82,0.2432
2021-09-07,NVDA,0.231,0.0,0.9358472372697725,0.5106
2021-09-08,NVDA,0.22,0.0,0.9546031746031746,0.4767
2021-09-09,NVDA,0.211,0.0,0.9403087128002867,0.2201
2021-09-10,NVDA,0.116,0.158,0.913580337490829,0.11520000000000002
2021-09-13,NVDA,0.18,0.0,0.82,0.2432
2021-09-14,NVDA,0.0,0.0,1.0,0.0
2021-09-15,NVDA,0.0,0.0,1.0,0.0
2021-09-17,NVDA,0.172,0.0,0.9220919037199126,0.2201
2021-09-18,NVDA,0.159,0.0,0.9273661053775123,0.3818
2021-09-19,NVDA,0.0,0.0,1.0,0.0
2021-09-20,NVDA,0.0,0.0,1.0,0.0
2021-09-21,NVDA,0.24195652173913046,0.0,0.8545351609058404,0.4019
2021-09-23,NVDA,0.313,0.0,0.687,0.4927
2021-09-24,NVDA,0.0,0.0,1.0,0.0
2021-09-27,NVDA,0.244922131147541,0.296,0.7396832129963898,0.30279659224441835
2021-09-28,NVDA,0.1883404255319149,0.22,0.716820512820513,0.19329999999999997
2021-09-29,NVDA,0.2515432595573441,0.0,0.8938101627176706,0.5299067778716217
2021-09-30,NVDA,0.176,0.0,0.824,0.3291
2021-10-01,NVDA,0.0,0.296,0.9437408207343413,-0.2732
2021-10-03,NVDA,0.0,0.0,1.0,0.0
2021-10-04,NVDA,0.383,0.0,0.8538583797155226,0.4767
2021-10-05,NVDA,0.55,0.0,0.45,0.7269
2021-10-06,NVDA,0.176,0.0,0.9204912280701756,0.128
2021-10-08,NVDA,0.155,0.0,0.845,0.296
2021-10-09,NVDA,0.0,0.0,1.0,0.0
2021-10-11,NVDA,0.0,0.0,1.0,0.0
2021-10-12,NVDA,0.205,0.0,0.9660114702815434,0.2023
2021-10-13,NVDA,0.3757621671258035,0.0,0.7664737203710066,0.6367064632794728
2021-10-14,NVDA,0.0,0.0,1.0,0.0
2021-10-15,NVDA,0.0,0.0,1.0,0.0
2021-10-18,NVDA,0.0,0.0,1.0,0.0
2021-10-20,NVDA,0.225,0.0,0.775,0.4404
2021-10-21,NVDA,0.216,0.0,0.955247357293869,0.296
2021-10-25,NVDA,0.184,0.0,0.9173215859030837,0.4019
2021-10-26,NVDA,0.147,0.0,0.9674562678432391,0.22629999999999997
2021-10-27,NVDA,0.286,0.226,0.9309169096209913,-0.1208
2021-10-28,NVDA,0.0,0.0,1.0,0.0
2021-10-29,NVDA,0.0,0.0,1.0,0.0
2021-10-30,NVDA,0.0,0.0,1.0,0.0
2021-11-02,NVDA,0.0,0.0,1.0,0.0
2021-11-03,NVDA,0.248,0.0,0.9502942430703625,0.5106
2021-11-04,NVDA,0.3055424588086185,0.0,0.829359389598256,0.6599964743589743
2021-11-05,NVDA,0.20312771392081735,0.0,0.852039127341712,0.36046120218579236
2021-11-08,NVDA,0.0,0.0,1.0,0.0
2021-11-09,NVDA,0.2543293885601578,0.0,0.9697386536460418,0.296
2021-11-10,NVDA,0.18144192634560907,0.239,0.8745200660611067,0.2922142306633636
2021-11-11,NVDA,0.30727768014059753,0.0,0.8378613739201974,0.5881780934733374
2021-11-12,NVDA,0.111,0.2622061657032755,0.924396546310832,-0.3950444821865866
2021-11-13,NVDA,0.0,0.0,1.0,0.0
2021-11-14,NVDA,0.2012978723404255,0.0,0.81507881773399,0.29288343153008395
2021-11-15,NVDA,0.3677416719044626,0.0,0.8642295856390876,0.5403662802441488
2021-11-16,NVDA,0.31141178664677355,0.0,0.8501416511080445,0.45878335215938865
2021-11-17,NVDA,0.2239076487252125,0.18025106382978723,0.8450587087784486,0.15390121894769324
2021-11-18,NVDA,0.2535771175726928,0.167,0.8660456907172317,0.3580880957259353
2021-11-19,NVDA,0.2116645056726094,0.169,0.8236258164852255,0.4492139412207989
2021-11-21,NVDA,0.185,0.0,0.815,0.3103
2021-11-22,NVDA,0.336102766798419,0.142,0.8187016574585636,0.19109999999999994
2021-11-23,NVDA,0.264,0.0,0.888073732718894,0.5661
2021-11-24,NVDA,0.19,0.206,0.9310460469157255,-0.16169999999999995
2021-11-26,NVDA,0.44800000000000006,0.0,0.552,0.7578999999999999
2021-11-27,NVDA,0.213,0.0,0.787,0.4019
2021-11-29,NVDA,0.398,0.0,0.602,0.5106
2021-11-30,NVDA,0.178,0.0,0.822,0.3818
2021-12-01,NVDA,0.145,0.10499999999999998,0.9318181818181818,0.1999
2021-12-02,NVDA,0.1626246153846154,0.25543508771929824,0.7975168202764977,-0.36578419694262454
2021-12-03,NVDA,0.23225120000000002,0.2422079127977392,0.8354235236280956,-0.2572912308378202
2021-12-06,NVDA,0.0,0.22141552511415527,0.9480310880829015,-0.4197407393340929
2021-12-07,NVDA,0.548,0.156,0.8347735191637631,0.3845
2021-12-08,NVDA,0.0,0.306,0.8746375442739079,-0.296
2021-12-09,NVDA,0.238,0.31,0.8388026101141925,0.017799999999999983
2021-12-10,NVDA,0.293,0.0,0.955990864669641,0.4404
2021-12-12,NVDA,0.0,0.0,1.0,0.0
2021-12-14,NVDA,0.239,0.0,0.761,0.2235
2021-12-15,NVDA,0.0,0.0,1.0,0.0
2021-12-16,NVDA,0.26223280423280426,0.0,0.7514474153297683,0.3892574628832469
2021-12-20,NVDA,0.262,0.126,0.8526947890818858,0.4588
2021-12-21,NVDA,0.20759636363636366,0.0,0.8736747826086957,0.2023
2021-12-22,NVDA,0.483,0.0,0.517,0.4215
2021-12-23,NVDA,0.709,0.0,0.8401866769945779,0.5955
2021-12-27,NVDA,0.0,0.0,1.0,0.0
2021-12-28,NVDA,0.0,0.0,1.0,0.0
2021-12-29,NVDA,0.483,0.0,0.8353915622940012,0.4215
2021-12-30,NVDA,0.296,0.0,0.8777089201877935,0.6369
2022-01-03,NVDA,0.37178142076502735,0.0,0.6373375394321766,0.5807006274509805
2022-01-04,NVDA,0.30146949152542374,0.0,0.9238201478743069,0.4341924343282514
2022-01-05,NVDA,0.0,0.0,1.0,0.0
2022-01-06,NVDA,0.0,0.192,0.9141946902654867,-0.22629999999999997
2022-01-07,NVDA,0.167,0.306,0.8609121487930351,-0.09369999999999998
2022-01-10,NVDA,0.0,0.0,1.0,0.0
2022-01-11,NVDA,0.2939132947976878,0.342,0.9036496172014986,-0.04030956276445698
2022-01-12,NVDA,0.0,0.0,1.0,0.0
2022-01-13,NVDA,0.3131736334405145,0.177,0.8525501405810685,0.5672890282131661
2022-01-14,NVDA,0.18339887640449434,0.0,0.8900491679273826,0.473917940365823
2022-01-15,NVDA,0.0,0.0,1.0,0.0
2022-01-16,NVDA,0.313,0.0,0.687,0.6249
2022-01-17,NVDA,0.0,0.0,1.0,0.0
2022-01-18,NVDA,0.211,0.0,0.9403087128002867,0.34
2022-01-19,NVDA,0.164,0.0,0.836,0.1926
2022-01-20,NVDA,0.0,0.0,1.0,0.0
2022-01-21,NVDA,0.155,0.22400000000000003,0.8548062924120914,-0.2732
2022-01-22,NVDA,0.231,0.0,0.769,0.2023
2022-01-23,NVDA,0.0,0.0,1.0,0.0
2022-01-24,NVDA,0.2844516129032258,0.159,0.7999671484888305,0.5284170402561756
2022-01-25,NVDA,0.20559024390243902,0.2564268292682927,0.8134136567834681,-0.38674229913973185
2022-01-26,NVDA,0.2796141732283465,0.2274554140127389,0.850682602118003,-0.10479227948879108
2022-01-28,NVDA,0.403,0.38480000000000003,0.6252886375875066,0.2501771772445242
2022-01-29,NVDA,0.0,0.0,1.0,0.0
2022-01-30,NVDA,0.322,0.0,0.8698951132300358,0.5859
2022-01-31,NVDA,0.0,0.0,1.0,0.0
2022-02-01,NVDA,0.0,0.0,1.0,0.0
2022-02-02,NVDA,0.36240676496097135,0.251,0.8467866333095068,0.32079231944526065
2022-02-03,NVDA,0.43615683814303646,0.0,0.8596993443646581,0.7464712143928036
2022-02-04,NVDA,0.0,0.154,0.9542220660576247,-0.25
2022-02-07,NVDA,0.0,0.0,1.0,0.0
2022-02-08,NVDA,0.2980019083969465,0.27715806451612907,0.8504407271616253,-0.2284218794835007
2022-02-09,NVDA,0.22780276816609,0.2651428571428571,0.795024332977588,-0.03285643925574612
2022-02-10,NVDA,0.0,0.0,1.0,0.0
2022-02-11,NVDA,0.18171069182389935,0.3103857965451056,0.7567639981490051,-0.2691742465571153
2022-02-12,NVDA,0.0,0.268,0.732,-0.5106
2022-02-13,NVDA,0.259,0.0,0.7410000000000001,0.6369
2022-02-14,NVDA,0.31551248357424444,0.11,0.8340876256281406,0.4477818618181818
2022-02-15,NVDA,0.2278886438809261,0.0,0.8624965639112507,0.25200129790495657
2022-02-16,NVDA,0.29749738766980144,0.109,0.8297062805566002,0.5196861942145838
2022-02-17,NVDA,0.21030157261794633,0.1560126582278481,0.8989447951586922,0.2369940048609236
2022-02-18,NVDA,0.25301581027667985,0.20145429362880887,0.7159090909090909,0.2637085553997195
2022-02-21,NVDA,0.084,0.0,0.916,0.0258
2022-02-22,NVDA,0.0,0.0,1.0,0.0
2022-02-23,NVDA,0.23028895612708017,0.248,0.8039485603364607,0.2880394506866417
2022-02-24,NVDA,0.363,0.0,0.9364226010448171,0.6452
2022-02-25,NVDA,0.0,0.222,0.9701079958463136,-0.25
2022-02-26,NVDA,0.204,0.18756533333333333,0.8380937629078892,-0.33019999999999994
2022-02-27,NVDA,0.226,0.0,0.774,0.5859
2022-02-28,NVDA,0.26,0.123,0.909825821237586,0.4966
2022-03-01,NVDA,0.154,0.3676325088339223,0.6525535090504923,-0.5485171038783861
2022-03-02,NVDA,0.0,0.0,1.0,0.0
2022-03-03,NVDA,0.2286967032967033,0.412,0.856472538107912,-0.006114592274678056
2022-03-04,NVDA,0.157,0.2142372583479789,0.8360580329871715,-0.3248996660673003
2022-03-06,NVDA,0.0,0.217,0.7829999999999999,-0.3612
2022-03-07,NVDA,0.0,0.216,0.955247357293869,-0.296
2022-03-08,NVDA,0.22,0.0,0.938273381294964,0.2432
2022-03-09,NVDA,0.0,0.286,0.714,-0.34
2022-03-10,NVDA,0.225,0.0,0.775,0.4404
2022-03-11,NVDA,0.0,0.259,0.7410000000000001,-0.4215
2022-03-13,NVDA,0.0,0.0,1.0,0.0
2022-03-14,NVDA,0.0,0.149,0.9314970286331712,-0.2732
2022-03-15,NVDA,0.0,0.326,0.9401948829613501,-0.4404
2022-03-16,NVDA,0.222,0.0,0.9378272138228942,0.25
2022-03-18,NVDA,0.29844150943396225,0.0,0.9101145850120871,0.4323765057630644
2022-03-19,NVDA,0.0,0.0,1.0,0.0
2022-03-20,NVDA,0.113,0.115,0.772,-0.0072
2022-03-21,NVDA,0.22894273127753303,0.0,0.7735705045278138,0.4554948453608247
2022-03-22,NVDA,0.2673050686878257,0.0,0.9378553176101893,0.44409823870876397
2022-03-23,NVDA,0.1380258302583026,0.11100900900900901,0.9524223580580699,0.3155415584415584
2022-03-24,NVDA,0.23753172205438064,0.0,0.9203606816030293,0.3888854258121158
2022-03-25,NVDA,0.199921875,0.0,0.8825573394495413,0.2023
2022-03-27,NVDA,0.0,0.0,1.0,0.0
2022-03-28,NVDA,0.222,0.167,0.8805718115664498,-0.13179999999999997
2022-03-29,NVDA,0.243,0.24659322033898304,0.8632684931506848,-0.13770000000000004
2022-03-30,NVDA,0.28626666666666667,0.0,0.8813912536443149,0.4960352959152491
2022-03-31,NVDA,0.449,0.0,0.8404906511927788,0.6908
2022-04-02,NVDA,0.0,0.0,1.0,0.0
2022-04-03,NVDA,0.27,0.0,0.7299999999999999,0.2151
2022-04-04,NVDA,0.2753213610586011,0.0,0.8895548833189283,0.5335670078820759
2022-04-05,NVDA,0.0,0.0,1.0,0.0
2022-04-06,NVDA,0.214,0.211,0.8700260194174757,0.30429999999999996
2022-04-07,NVDA,0.3978775510204081,0.0,0.7869747292418773,0.6541317576870125
2022-04-08,NVDA,0.2985160642570281,0.0,0.8603760991207036,0.4798916842740718
2022-04-09,NVDA,0.302,0.0,0.921869532987398,0.3818
2022-04-11,NVDA,0.126,0.1964736842105263,0.945120943049602,-0.13979999999999998
2022-04-12,NVDA,0.165,0.296,0.9237367261511346,-0.17689999999999995
2022-04-13,NVDA,0.25519838056680166,0.134,0.9240464532328939,0.3830848974317558
2022-04-14,NVDA,0.247,0.0,0.9324406102433709,0.3182
2022-04-15,NVDA,0.32,0.21499999999999997,0.465,0.4215
2022-04-18,NVDA,0.19600000000000004,0.152,0.8626537530266344,0.1531
2022-04-19,NVDA,0.167,0.0,0.9241074740861975,0.4215
2022-04-20,NVDA,0.34213061224489794,0.0,0.7865192052980133,0.47954023201482315
2022-04-21,NVDA,0.1495418060200669,0.18363501483679526,0.8866384051329056,0.1318462773071779
2022-04-22,NVDA,0.0,0.0,1.0,0.0
2022-04-23,NVDA,0.22,0.149,0.8170453709380747,0.3354999999999999
2022-04-24,NVDA,0.286,0.0,0.714,0.4215
2022-04-26,NVDA,0.26097551020408166,0.18173517786561263,0.8404162639209917,0.38179267662792843
2022-04-27,NVDA,0.0,0.34804338624338627,0.8480643649815044,-0.5203846819338421
2022-04-28,NVDA,0.35500000000000004,0.0,0.645,0.296
2022-04-29,NVDA,0.186,0.0,0.9165358324145534,0.2617
2022-05-02,NVDA,0.0,0.0,1.0,0.0
2022-05-03,NVDA,0.0,0.0,1.0,0.0
2022-05-04,NVDA,0.18837837837837837,0.381,0.8738199576370912,-0.08833452059890268
2022-05-05,NVDA,0.538,0.242,0.6459081967213115,0.20810000000000003
2022-05-06,NVDA,0.14428169014084505,0.32615619389587075,0.7541572133168928,-0.5990092187959669
2022-05-08,NVDA,0.247,0.0,0.8939013120365088,0.3182
2022-05-09,NVDA,0.0,0.318,0.8710606420927468,-0.4215
2022-05-10,NVDA,0.26823880597014926,0.0,0.7320874316939889,0.5337030854525733
2022-05-11,NVDA,0.0,0.212,0.9065682326621924,-0.1558
2022-05-12,NVDA,0.2149344262295082,0.0,0.869715118538671,0.3569846826192864
2022-05-13,NVDA,0.0,0.0,1.0,0.0
2022-05-14,NVDA,0.216,0.261,0.522,-0.1531
2022-05-16,NVDA,0.0,0.0,1.0,0.0
2022-05-17,NVDA,0.0,0.0,1.0,0.0
2022-05-18,NVDA,0.0,0.0,1.0,0.0
2022-05-19,NVDA,0.26457115009746585,0.0,0.931242026608347,0.5335670078820759
2022-05-20,NVDA,0.0,0.0,1.0,0.0
2022-05-21,NVDA,0.097,0.125,0.778,-0.1361
2022-05-23,NVDA,0.23961327857631756,0.268,0.7915641843406156,0.2288994156852004
2022-05-24,NVDA,0.2983361762615494,0.17382208588957057,0.7410060947022972,0.5213287219891538
2022-05-25,NVDA,0.27691593533487296,0.3093813786929275,0.784919736571311,0.1198196064802438
2022-05-26,NVDA,0.27133055733504163,0.25569075451647183,0.847678670096218,0.03760717271636107
2022-05-27,NVDA,0.2677387096774193,0.24073388773388776,0.7901111953021406,0.36786767111720936
2022-05-28,NVDA,0.337,0.0,0.8656458208057728,0.4721
2022-05-30,NVDA,0.3755637982195846,0.446,0.7505117021276596,0.3487
2022-05-31,NVDA,0.46811797752808987,0.0,0.884823600973236,0.47264450348112863
2022-06-01,NVDA,0.30551145958986736,0.0,0.8184386628823715,0.4986262534866318
2022-06-02,NVDA,0.0,0.237,0.9519449906989105,-0.4215
2022-06-03,NVDA,0.38733038348082593,0.0,0.8211068044788975,0.30777472905556513
2022-06-04,NVDA,0.0,0.412,0.8474458438287152,-0.5423
2022-06-07,NVDA,0.276,0.0,0.9577002540220152,0.6369
2022-06-08,NVDA,0.195,0.0,0.9130332409972298,0.4404
2022-06-09,NVDA,0.1790395480225989,0.0,0.8234386391251519,0.26363109862429757
2022-06-10,NVDA,0.0,0.0,1.0,0.0
2022-06-11,NVDA,0.549,0.0,0.451,0.5955
2022-06-13,NVDA,0.0,0.286,0.8808611435239206,-0.1531
2022-06-14,NVDA,0.177,0.21499999999999997,0.9086134969325154,0.0813
2022-06-15,NVDA,0.194,0.0,0.9134197120708749,0.34
2022-06-16,NVDA,0.306,0.0,0.9211714922048998,0.296
2022-06-17,NVDA,0.192,0.0,0.808,0.22629999999999997
2022-06-21,NVDA,0.208,0.0,0.792,0.2732
2022-06-22,NVDA,0.18,0.35500000000000004,0.8404337899543377,0.0708168582375479
2022-06-23,NVDA,0.0,0.0,1.0,0.0
2022-06-24,NVDA,0.2504273504273504,0.0,0.7710182767624021,0.5298548658109685
2022-06-25,NVDA,0.0,0.188,0.9157527593818984,-0.2151
2022-06-27,NVDA,0.18,0.256,0.9051447811447811,-0.2335
2022-06-28,NVDA,0.24518144329896913,0.0,0.8958500711237553,0.33183420572124167
2022-06-29,NVDA,0.20657760814249362,0.205754617414248,0.8951327467482786,0.0010760043431053416
2022-06-30,NVDA,0.30871145374449344,0.0,0.8466055718475074,0.3292499349522984
2022-07-01,NVDA,0.19937696335078536,0.181,0.9266130930489151,0.1598
2022-07-03,NVDA,0.0,0.0,1.0,0.0
2022-07-05,NVDA,0.26213740458015267,0.31155402750491157,0.6601672597864768,0.04338610554977172
2022-07-07,NVDA,0.0,0.18900539083557952,0.8855538227462914,-0.23006767534600045
2022-07-08,NVDA,0.0,0.0,1.0,0.0
2022-07-09,NVDA,0.346,0.0,0.654,0.5719
2022-07-11,NVDA,0.2833533568904594,0.242,0.7312691605839415,0.3620735436662548
2022-07-12,NVDA,0.239,0.0,0.9516407870247274,0.296
2022-07-13,NVDA,0.276,0.0,0.724,0.6369
2022-07-14,NVDA,0.0,0.0,1.0,0.0
2022-07-15,NVDA,0.19129422718808192,0.0,0.8236804709703613,0.5119918957011981
2022-07-18,NVDA,0.1832558139534884,0.0,0.9577884615384616,0.2658006701129619
2022-07-19,NVDA,0.0,0.524,0.8992633279483038,-0.6705
2022-07-20,NVDA,0.206,0.15,0.8605450121654501,0.2187
2022-07-21,NVDA,0.0,0.0,1.0,0.0
2022-07-22,NVDA,0.0,0.0,1.0,0.0
2022-07-24,NVDA,0.211,0.0,0.7890000000000001,0.2201
2022-07-25,NVDA,0.21868171021377672,0.155,0.831881188118812,0.3679757719179626
2022-07-26,NVDA,0.0,0.0,1.0,0.0
2022-07-27,NVDA,0.0,0.2696602870813397,0.9147733109994416,-0.433249123252859
2022-07-28,NVDA,0.0,0.0,1.0,0.0
2022-07-30,NVDA,0.217,0.154,0.629,0.22629999999999997
2022-08-02,NVDA,0.106,0.089,0.805,0.0572
2022-08-03,NVDA,0.212,0.0,0.788,0.2235
2022-08-04,NVDA,0.0,0.412,0.588,-0.5994
2022-08-05,NVDA,0.25,0.0,0.75,0.25
2022-08-07,NVDA,0.0,0.0,1.0,0.0
2022-08-08,NVDA,0.20138754325259514,0.3302341344855523,0.758040373606508,-0.28225060122955087
2022-08-09,NVDA,0.2626029232643118,0.2495174061433447,0.8542151533868643,-0.10989866141732287
2022-08-10,NVDA,0.194,0.253,0.553,-0.21679999999999996
2022-08-11,NVDA,0.277,0.0,0.723,0.3182
2022-08-12,NVDA,0.22,0.0,0.938273381294964,0.4767
2022-08-15,NVDA,0.083,0.0,0.9805690579525148,0.2023
2022-08-16,NVDA,0.167,0.0,0.9241074740861975,0.25
2022-08-17,NVDA,0.20090281329923276,0.19594159292035399,0.7920141307919815,-0.24159695121951216
2022-08-18,NVDA,0.0,0.0,1.0,0.0
2022-08-19,NVDA,0.0,0.381,0.909950744558992,-0.4019
2022-08-22,NVDA,0.26921018418201514,0.0,0.8890046075366135,0.3618430376504738
2022-08-23,NVDA,0.16435897435897434,0.3659782608695652,0.6631006355932203,-0.4531795592925486
2022-08-24,NVDA,0.1906967654986523,0.2240456730769231,0.858532409412444,-0.14028125822970006
2022-08-25,NVDA,0.17727575757575756,0.23204041994750657,0.7676701452834048,-0.265624375669429
2022-08-26,NVDA,0.293,0.304,0.8257449022055763,-0.10189999999999999
2022-08-27,NVDA,0.211,0.0,0.7890000000000001,0.2201
2022-08-28,NVDA,0.0,0.0,1.0,0.0
2022-08-29,NVDA,0.3217140039447732,0.2454161248374512,0.7009200000000001,-0.06123926453143529
2022-08-30,NVDA,0.21899999999999997,0.2419861878453039,0.6998789499270783,-0.25407866220735786
2022-08-31,NVDA,0.184,0.16226860841423948,0.9072156154487359,-0.12139835265405734
2022-09-01,NVDA,0.2988903846153846,0.2751153616258219,0.8511134180653923,-0.32939757678928283
2022-09-02,NVDA,0.152222972972973,0.3424757085020243,0.8880900842514582,-0.384799713236981
2022-09-03,NVDA,0.17505142857142855,0.0,0.9208953424657534,0.2301553210010881
2022-09-04,NVDA,0.165,0.216,0.8103032736256949,-0.052799999999999965
2022-09-05,NVDA,0.0,0.31,0.8734319526627219,-0.5574
2022-09-06,NVDA,0.0,0.245,0.9507390146471373,-0.3818
2022-09-07,NVDA,0.0,0.0,1.0,0.0
2022-09-08,NVDA,0.0,0.265,0.9287842778793419,-0.5574
2022-09-09,NVDA,0.0,0.0,1.0,0.0
2022-09-12,NVDA,0.0,0.0,1.0,0.0
2022-09-13,NVDA,0.216,0.0,0.9391724137931036,0.296
2022-09-14,NVDA,0.0,0.296,0.704,-0.2732
2022-09-15,NVDA,0.0,0.0,1.0,0.0
2022-09-16,NVDA,0.239,0.0,0.8967183418512208,0.296
2022-09-17,NVDA,0.0,0.185,0.815,-0.3612
2022-09-19,NVDA,0.261,0.0,0.9295805038335159,0.1938
2022-09-20,NVDA,0.2955641361256544,0.1827042682926829,0.9476510598336464,0.3053753450626933
2022-09-21,NVDA,0.0,0.281,0.964672320335723,-0.6486
2022-09-22,NVDA,0.0,0.0,1.0,0.0
2022-09-23,NVDA,0.13988644688644689,0.123,0.9127658157602663,0.18679999999999997
2022-09-24,NVDA,0.13,0.0,0.9605923344947734,0.2023
2022-09-25,NVDA,0.0,0.259,0.7410000000000001,-0.5423
2022-09-27,NVDA,0.45565535851966066,0.18381643835616443,0.838116523042338,0.22462173633440513
2022-09-28,NVDA,0.172,0.0,0.9496407355021217,0.3612
2022-09-29,NVDA,0.351,0.34,0.309,0.0258
2022-09-30,NVDA,0.0,0.0,1.0,0.0
2022-10-03,NVDA,0.0,0.0,1.0,0.0
2022-10-04,NVDA,0.0,0.0,1.0,0.0
2022-10-05,NVDA,0.0,0.139,0.9356910263299302,-0.4703
2022-10-06,NVDA,0.3309561815336463,0.0,0.6858787656135195,0.6187187333171561
2022-10-07,NVDA,0.344,0.136,0.8356556945358787,0.4939
2022-10-09,NVDA,0.18,0.0,0.82,0.296
2022-10-10,NVDA,0.0,0.211,0.7890000000000001,-0.1531
2022-10-11,NVDA,0.0,0.0,1.0,0.0
2022-10-12,NVDA,0.0,0.663,0.8328863126402394,-0.7096
2022-10-13,NVDA,0.167,0.142,0.903029728725381,0.04919999999999998
2022-10-14,NVDA,0.288,0.182,0.53,0.10269999999999999
2022-10-15,NVDA,0.0,0.0,1.0,0.0
2022-10-17,NVDA,0.19863172804532578,0.2327092511013216,0.8159458189790166,-0.15030324324324326
2022-10-18,NVDA,0.133,0.0,0.9701807602792862,0.3818
2022-10-19,NVDA,0.0,0.0,1.0,0.0
2022-10-20,NVDA,0.22400000000000003,0.0,0.776,0.3818
2022-10-21,NVDA,0.0,0.0,1.0,0.0
2022-10-22,NVDA,0.359,0.133,0.7709350132625994,0.1033
2022-10-25,NVDA,0.441,0.452,0.7654413858566682,0.2858
2022-10-26,NVDA,0.156,0.133,0.7100000000000001,0.0672
2022-10-27,NVDA,0.18791803278688526,0.0,0.8871594533029612,0.4019
2022-10-28,NVDA,0.174,0.0,0.826,0.22629999999999997
2022-10-30,NVDA,0.455,0.0,0.545,0.6882
2022-11-02,NVDA,0.0,0.0,1.0,0.0
2022-11-03,NVDA,0.20000000000000004,0.0,0.8000000000000002,0.3612
2022-11-07,NVDA,0.217,0.0,0.9047049915872126,0.3612
2022-11-08,NVDA,0.22674193548387098,0.463,0.8722354740061162,-0.024857770655657575
2022-11-09,NVDA,0.1984757834757835,0.111,0.8600669818754925,0.2907934970139349
2022-11-10,NVDA,0.1796915887850467,0.118,0.7800205128205129,0.2385
2022-11-11,NVDA,0.235328227571116,0.273,0.8324385321100918,-0.04790917860274772
2022-11-13,NVDA,0.0,0.0,1.0,0.0
2022-11-14,NVDA,0.13606435643564357,0.41225076765609014,0.8822572953736655,-0.5398697505278799
2022-11-15,NVDA,0.19,0.0,0.9149723756906077,0.2201
2022-11-16,NVDA,0.33813207547169816,0.24694420600858366,0.8556751569824003,0.4587379814189189
2022-11-17,NVDA,0.27078006329113924,0.198597385620915,0.8214003759398496,0.41261457376721905
2022-11-18,NVDA,0.2326301075268817,0.0,0.7675394136807818,0.20778557622614158
2022-11-19,NVDA,0.213,0.199,0.588,0.0516
2022-11-21,NVDA,0.202,0.0,0.9423888491779843,0.5859
2022-11-22,NVDA,0.405,0.22497658079625293,0.8614046717171717,0.06029999999999998
2022-11-23,NVDA,0.1852168021680217,0.0,0.815662170447578,0.2843244538407329
2022-11-24,NVDA,0.0,0.0,1.0,0.0
2022-11-27,NVDA,0.0,0.0,1.0,0.0
2022-11-28,NVDA,0.293,0.0,0.707,0.4404
2022-11-29,NVDA,0.0,0.0,1.0,0.0
2022-11-30,NVDA,0.22400000000000003,0.167,0.9132903851482406,0.22869999999999996
2022-12-02,NVDA,0.0,0.0,1.0,0.0
2022-12-03,NVDA,0.107,0.0,0.9495240359218172,0.2023
2022-12-04,NVDA,0.0,0.0,1.0,0.0
2022-12-05,NVDA,0.0,0.0,1.0,0.0
2022-12-06,NVDA,0.225,0.0,0.775,0.4939
2022-12-07,NVDA,0.0,0.20000000000000004,0.9111111111111112,-0.3612
2022-12-08,NVDA,0.0,0.262,0.738,-0.4939
2022-12-09,NVDA,0.0,0.0,1.0,0.0
2022-12-12,NVDA,0.167,0.167,0.833,0.049199999999999994
2022-12-15,NVDA,0.216,0.0,0.9391724137931036,0.296
2022-12-16,NVDA,0.2360854572713643,0.294,0.7105998038254047,0.23350820584144646
2022-12-17,NVDA,0.0,0.0,1.0,0.0
2022-12-19,NVDA,0.141,0.0,0.859,0.2023
2022-12-20,NVDA,0.0,0.0,1.0,0.0
2022-12-21,NVDA,0.0,0.0,1.0,0.0
2022-12-22,NVDA,0.35023142857142864,0.266,0.6803923303834809,0.3284651236525048
2022-12-23,NVDA,0.387,0.12,0.493,0.5955
2022-12-27,NVDA,0.0,0.17272594752186593,0.8287537718768858,-0.31634109179285846
2022-12-28,NVDA,0.0,0.0,1.0,0.0
2022-12-30,NVDA,0.286,0.374984802431611,0.7006498054474708,-0.17415431159144532
2022-12-31,NVDA,0.0,0.0,1.0,0.0
2023-01-01,NVDA,0.31,0.0,0.69,0.4019
2023-01-02,NVDA,0.0,0.0,1.0,0.0
2023-01-03,NVDA,0.283,0.103,0.9182894299944659,0.11520000000000002
2023-01-04,NVDA,0.0,0.0,1.0,0.0
2023-01-05,NVDA,0.0,0.0,1.0,0.0
2023-01-06,NVDA,0.0,0.0,1.0,0.0
2023-01-11,NVDA,0.197,0.0,0.9435636817695326,0.4019
2023-01-12,NVDA,0.2017705479452055,0.124,0.9154663064208518,0.2612228639872239
2023-01-14,NVDA,0.231,0.0,0.769,0.4019
2023-01-15,NVDA,0.172,0.0,0.828,0.4404
2023-01-17,NVDA,0.138,0.0,0.8619999999999999,0.1928
2023-01-19,NVDA,0.278,0.0,0.926261572373255,0.4019
2023-01-21,NVDA,0.0,0.0,1.0,0.0
2023-01-22,NVDA,0.0,0.0,1.0,0.0
2023-01-23,NVDA,0.0,0.296,0.704,-0.2732
2023-01-24,NVDA,0.318,0.444,0.9114662084765177,0.08149999999999996
2023-01-25,NVDA,0.0,0.0,1.0,0.0
2023-01-27,NVDA,0.182,0.0,0.818,0.25
2023-01-29,NVDA,0.265,0.0,0.735,0.4536
2023-01-30,NVDA,0.2596303501945525,0.0,0.8469227674979888,0.6197477590752384
2023-02-01,NVDA,0.0,0.189,0.811,-0.217
2023-02-02,NVDA,0.281,0.0,0.8824671320535196,0.875
2023-02-03,NVDA,0.18,0.0,0.82,0.1928
2023-02-04,NVDA,0.394,0.0,0.606,0.7783000000000001
2023-02-09,NVDA,0.0,0.0,1.0,0.0
2023-02-14,NVDA,0.21400581395348836,0.0,0.9521955445544555,0.4854394185907405
2023-02-15,NVDA,0.11200000000000002,0.101,0.9398525296017223,0.0516
2023-02-16,NVDA,0.0,0.189,0.9454717182497332,-0.217
2023-02-17,NVDA,0.0,0.134,0.9699834454216244,-0.217
2023-02-20,NVDA,0.18279456193353472,0.468,0.6547552039966695,-0.2904
2023-02-21,NVDA,0.23549708737864078,0.218,0.8334641863699583,0.05282006636834428
2023-02-22,NVDA,0.27569835466179154,0.0,0.8852612221256878,0.37380851105975577
2023-02-23,NVDA,0.2717729220222794,0.18231460674157302,0.8495661504598695,0.35008617942145737
2023-02-24,NVDA,0.0,0.216,0.9391724137931036,-0.296
2023-02-25,NVDA,0.374,0.0,0.626,0.4895
2023-02-26,NVDA,0.213,0.0,0.9061941801902631,0.5859
2023-02-27,NVDA,0.17991428571428575,0.1341026615969582,0.8319497754185382,0.22093724583109198
2023-02-28,NVDA,0.35544411764705885,0.133,0.7989818060794321,0.43984709188805393
2023-03-01,NVDA,0.239,0.0,0.8967183418512208,0.296
2023-03-02,NVDA,0.199,0.16171009771986972,0.9022518603319977,-0.12680000000000002
2023-03-03,NVDA,0.211,0.0,0.7890000000000001,0.10269999999999999
2023-03-04,NVDA,0.111,0.0,0.889,0.128
2023-03-06,NVDA,0.186,0.0,0.9165358324145534,0.4939
2023-03-07,NVDA,0.2596118980169972,0.20999999999999996,0.855143486777669,0.4043430173533231
2023-03-08,NVDA,0.0,0.231,0.9528684001061289,-0.2732
2023-03-09,NVDA,0.0,0.1546957928802589,0.929233541045787,-0.2519518118118118
2023-03-10,NVDA,0.0,0.0,1.0,0.0
2023-03-13,NVDA,0.0,0.216,0.7840000000000001,-0.296
2023-03-14,NVDA,0.0,0.0,1.0,0.0
2023-03-16,NVDA,0.2167598152424942,0.0,0.9049220633585646,0.42078549197988985
2023-03-17,NVDA,0.27955172413793106,0.172,0.9179635937307171,0.14772521732440955
2023-03-18,NVDA,0.0,0.0,1.0,0.0
2023-03-20,NVDA,0.22400000000000003,0.205,0.869000777907429,0.17949999999999997
2023-03-21,NVDA,0.19246050096339115,0.126,0.9525793095874364,0.3249696799792979
2023-03-22,NVDA,0.397832137733142,0.0,0.9024608412735301,0.636363340271137
2023-03-23,NVDA,0.2356015037593985,0.186,0.8409908411665461,0.09857356772212217
2023-03-24,NVDA,0.2116116504854369,0.279,0.700492742551566,0.11739999999999999
2023-03-25,NVDA,0.0,0.0,1.0,0.0
2023-03-27,NVDA,0.3249815837937385,0.4033248730964467,0.7611521815008725,0.05566672743846857
2023-03-28,NVDA,0.2775805825242718,0.225,0.7104856102003643,0.5781790470012385
2023-03-29,NVDA,0.268,0.0,0.8867344110854503,0.765
2023-03-30,NVDA,0.221,0.245,0.8989434069043577,-0.26700000000000007
2023-03-31,NVDA,0.37899999999999995,0.0,0.910202594429607,0.7269
2023-04-01,NVDA,0.208,0.31,0.7445101214574898,0.09200000000000004
2023-04-03,NVDA,0.18,0.0,0.82,0.296
2023-04-04,NVDA,0.0,0.185,0.9464387211367674,-0.3612
2023-04-05,NVDA,0.3860708898944193,0.0,0.6955609573672401,0.46981820346320347
2023-04-06,NVDA,0.28815605493133584,0.0,0.740706230104593,0.5210548705847652
2023-04-07,NVDA,0.234,0.0,0.766,0.5063
2023-04-08,NVDA,0.0,0.0,1.0,0.0
2023-04-10,NVDA,0.239,0.0,0.761,0.296
2023-04-11,NVDA,0.0,0.0,1.0,0.0
2023-04-12,NVDA,0.18,0.0,0.9613612565445026,0.296
2023-04-13,NVDA,0.0,0.0,1.0,0.0
2023-04-14,NVDA,0.141,0.0,0.859,0.2023
2023-04-16,NVDA,0.372,0.0,0.628,0.4859
2023-04-17,NVDA,0.296,0.0,0.704,0.2732
2023-04-18,NVDA,0.42299999999999993,0.15451791530944625,0.9196755980861244,0.18450376694608295
2023-04-19,NVDA,0.177,0.0,0.823,0.4215
2023-04-20,NVDA,0.40122063037249284,0.094,0.7903623188405796,0.6855500158982513
2023-04-21,NVDA,0.0,0.0,1.0,0.0
2023-04-22,NVDA,0.35500000000000004,0.0,0.645,0.5267
2023-04-23,NVDA,0.156,0.178,0.8664801920768308,-0.0747
2023-04-24,NVDA,0.23388650963597432,0.38150636492220646,0.7921981181390486,-0.15246731904606947
2023-04-25,NVDA,0.19717923186344238,0.22933039647577091,0.7949802237835025,0.05256362854686155
2023-04-26,NVDA,0.156,0.0,0.844,0.3415
2023-04-28,NVDA,0.0,0.0,1.0,0.0
2023-05-01,NVDA,0.291,0.324,0.8743447562776958,0.28489999999999993
2023-05-02,NVDA,0.1485824915824916,0.0,0.9462319795874972,0.21561303728330564
2023-05-03,NVDA,0.47473880597014917,0.20999999999999996,0.7038217522658611,0.4687641445924191
2023-05-04,NVDA,0.173,0.0,0.827,0.3182
2023-05-05,NVDA,0.0,0.31117795484727756,0.7691664441477525,-0.3548713419257013
2023-05-06,NVDA,0.216,0.0,0.7840000000000001,0.296
2023-05-07,NVDA,0.0,0.0,1.0,0.0
2023-05-08,NVDA,0.1705223880597015,0.0,0.8957317073170732,0.26363109862429757
2023-05-10,NVDA,0.0,0.0,1.0,0.0
2023-05-11,NVDA,0.0,0.171,0.9498907741251326,-0.2151
2023-05-12,NVDA,0.293,0.0,0.9234758034724787,0.4404
2023-05-14,NVDA,0.184,0.0,0.816,0.4019
2023-05-15,NVDA,0.342,0.0,0.658,0.6361
2023-05-16,NVDA,0.2611877394636016,0.0,0.8443664245359161,0.4436962319192901
2023-05-17,NVDA,0.21848684210526317,0.319,0.8328255208333333,0.3308193220338983
2023-05-18,NVDA,0.19942800528401583,0.135,0.9154146521953626,0.2820615320367498
2023-05-19,NVDA,0.18238195777351246,0.4237246376811594,0.8865743300904592,-0.3751426268129279
2023-05-20,NVDA,0.19,0.0,0.81,0.2201
2023-05-22,NVDA,0.32524825986078887,0.106,0.8628095965103599,0.4436213021092842
2023-05-23,NVDA,0.17388675623800381,0.255,0.8354809183990072,0.16573917655973733
2023-05-24,NVDA,0.2656140116019634,0.23747354138398916,0.7867619072625112,0.14318164447924825
2023-05-25,NVDA,0.2566142535893444,0.19712568908489522,0.8933925353925355,0.25334177409728437
2023-05-26,NVDA,0.34531073653352873,0.2168789938817131,0.8703580116340562,0.27097105939373684
2023-05-27,NVDA,0.216239092495637,0.0,0.8985554551615089,0.5546960036786223
2023-05-28,NVDA,0.21001112877583464,0.0,0.8525947789973303,0.33444344433454226
2023-05-29,NVDA,0.24007265209686945,0.20336734693877553,0.9129484481229678,0.4877018033248802
2023-05-30,NVDA,0.24489660574412533,0.2773279044516829,0.9040421560283688,0.3780958152157153
2023-05-31,NVDA,0.2062594501718213,0.22400000000000003,0.9541477976295772,0.3751154519701262
2023-06-01,NVDA,0.4086559485530547,0.25085670731707316,0.8894689854143292,0.2611363819095478
2023-06-02,NVDA,0.3006527068437181,0.32191135303265944,0.8920146463673154,0.2584482544577551
2023-06-03,NVDA,0.2725139146567718,0.12,0.9068123946826436,0.2166609390753277
2023-06-04,NVDA,0.0,0.0,1.0,0.0
2023-06-05,NVDA,0.0,0.0,1.0,0.0
2023-06-06,NVDA,0.333,0.1572044728434505,0.9235275417060119,-0.2252311977715878
2023-06-07,NVDA,0.2431199478487614,0.1762485207100592,0.8866044105173875,0.27934936589456033
2023-06-08,NVDA,0.2291269841269841,0.351,0.8814671872404054,0.2751102687840189
2023-06-09,NVDA,0.11200000000000002,0.231,0.9242288761279738,-0.11370000000000005
2023-06-10,NVDA,0.244,0.0,0.8949521640091116,0.4404
2023-06-12,NVDA,0.094,0.20299999999999999,0.9227558268590456,-0.34
2023-06-13,NVDA,0.22641148886283705,0.0,0.8926515373352856,0.408592343002869
2023-06-14,NVDA,0.0,0.173,0.9790433572579464,-0.3182
2023-06-15,NVDA,0.31377113402061857,0.23229682365826945,0.8770752001439237,0.11870892960351405
2023-06-16,NVDA,0.26175193798449614,0.12101041666666665,0.8810099436526351,0.5345078597503267
2023-06-17,NVDA,0.192,0.0,0.9141946902654867,0.5859
2023-06-18,NVDA,0.0,0.0,1.0,0.0
2023-06-19,NVDA,0.157,0.0,0.9534467112205417,0.3818
2023-06-20,NVDA,0.35356392887383575,0.0,0.8415768831707825,0.4396535076846802
2023-06-21,NVDA,0.16357098283931357,0.099,0.9184454545454546,0.3031671175287881
2023-06-22,NVDA,0.1582829373650108,0.0,0.9141029314525017,0.32758033152693655
2023-06-23,NVDA,0.172,0.12,0.9331132686084141,0.09210000000000002
2023-06-24,NVDA,0.211,0.0,0.9069429849077697,0.2201
2023-06-25,NVDA,0.0,0.0,1.0,0.0
2023-06-26,NVDA,0.0,0.324,0.918152466367713,-0.34
2023-06-27,NVDA,0.282,0.0,0.9255055187637969,0.6249
2023-06-28,NVDA,0.19061199625117153,0.2983100213219616,0.8466584771313105,-0.35558344714355017
2023-06-29,NVDA,0.22714560161779573,0.23528646748681895,0.8617909500597811,-0.12526882572924458
2023-06-30,NVDA,0.369,0.0,0.9358746901679977,0.5677
2023-07-01,NVDA,0.35800000000000004,0.101,0.541,0.5859
2023-07-02,NVDA,0.2164356435643564,0.134,0.8948596187175044,0.42382664763264327
2023-07-03,NVDA,0.2461617312072893,0.0,0.870778992581023,0.5278403540421693
2023-07-05,NVDA,0.0,0.21148846153846151,0.8821764367816093,-0.3737332982972461
2023-07-06,NVDA,0.0,0.0,1.0,0.0
2023-07-07,NVDA,0.3465384615384615,0.21992647058823528,0.6452900683131897,0.23407745364355734
2023-07-08,NVDA,0.0,0.0,1.0,0.0
2023-07-10,NVDA,0.22400000000000003,0.0,0.9373832853025937,0.3818
2023-07-11,NVDA,0.3603091922005571,0.13583468834688348,0.8377449915110355,0.3780970014576247
2023-07-12,NVDA,0.14309045226130654,0.0,0.9551368061036569,0.28007188894397617
2023-07-13,NVDA,0.0,0.0,1.0,0.0
2023-07-14,NVDA,0.15,0.0,0.9552631578947368,0.3182
2023-07-16,NVDA,0.0,0.0,1.0,0.0
2023-07-17,NVDA,0.22405063291139246,0.147,0.9010141456357499,0.30379520653854647
2023-07-18,NVDA,0.3559466515323496,0.095,0.8841667993630573,0.6003121976608903
2023-07-19,NVDA,0.14526297577854672,0.0,0.9088827001106603,0.25166577336990925
2023-07-20,NVDA,0.26824830393487115,0.0,0.8734926108374385,0.5454737127748399
2023-07-21,NVDA,0.225,0.12791476091476092,0.9185840416780915,-0.009590151135305479
2023-07-23,NVDA,0.18,0.0,0.82,0.2432
2023-07-24,NVDA,0.123,0.0,0.9425301012253596,0.2394
2023-07-25,NVDA,0.40306203473945407,0.15821192052980132,0.8737718396711202,0.5804590794176618
2023-07-26,NVDA,0.1451103448275862,0.0,0.8550187134502925,0.35041285668483485
2023-07-27,NVDA,0.20578000000000002,0.0,0.8778123076923077,0.5512623843970332
2023-07-30,NVDA,0.0,0.0,1.0,0.0
2023-07-31,NVDA,0.386,0.39757763975155275,0.8327232323232322,-0.3205
2023-08-01,NVDA,0.156,0.178,0.866760047990402,-0.0772
2023-08-02,NVDA,0.274,0.0,0.9466119162640902,0.4854
2023-08-03,NVDA,0.0,0.0,1.0,0.0
2023-08-05,NVDA,0.316,0.0,0.684,0.5719
2023-08-06,NVDA,0.0,0.0,1.0,0.0
2023-08-07,NVDA,0.21801834862385322,0.0,0.7820051150895141,0.5029457644010364
2023-08-08,NVDA,0.21230424242424245,0.13799240506329113,0.9081315398886828,0.2880007398128939
2023-08-09,NVDA,0.259,0.20299999999999999,0.9000254381006217,0.21540000000000004
2023-08-10,NVDA,0.19499332591768634,0.0,0.9204811559169322,0.3101901598087329
2023-08-11,NVDA,0.146,0.0,0.854,0.2201
2023-08-12,NVDA,0.0,0.0,1.0,0.0
2023-08-13,NVDA,0.35736295603367635,0.072,0.6200779989241528,0.7179319332458279
2023-08-14,NVDA,0.3013258485639687,0.0,0.780121446179129,0.5539863096047657
2023-08-15,NVDA,0.2644795539033457,0.1681801242236025,0.9153835477661837,0.42145610898779434
2023-08-16,NVDA,0.29249315068493154,0.0,0.8790444964871195,0.5833520833333333
2023-08-17,NVDA,0.19334619395203337,0.15820770288858324,0.7662776209297949,0.07206951185338786
2023-08-18,NVDA,0.337716652136007,0.4676129753914988,0.7111510482445063,0.15903830217489986
2023-08-19,NVDA,0.147,0.0,0.853,0.4767
2023-08-20,NVDA,0.22938228438228436,0.0,0.7895639719923616,0.23261038793103447
2023-08-21,NVDA,0.2905281373844122,0.1602367149758454,0.8175677092749954,0.34076101720695884
2023-08-22,NVDA,0.24572732900030952,0.18538339920948615,0.8693390866763863,0.3080232123987319
2023-08-23,NVDA,0.2601365613221224,0.21173402061855673,0.8405338848884122,0.31560434465399634
2023-08-24,NVDA,0.2439868405729591,0.13796237623762375,0.8456842800528402,0.4174601994983794
2023-08-25,NVDA,0.15605524861878453,0.1790945179584121,0.9261457045173493,0.2710811900013913
2023-08-26,NVDA,0.2455901262916188,0.07633333333333334,0.7515359301544662,0.39702886928628706
2023-08-27,NVDA,0.293,0.0,0.9441189641219314,0.4404
2023-08-28,NVDA,0.2906140350877193,0.0,0.8336008230452675,0.6353921487603306
2023-08-29,NVDA,0.24981300813008125,0.32350953206239175,0.8604430983118172,0.08162213534645459
2023-08-30,NVDA,0.24980948200175596,0.1738717105263158,0.8765974253949679,-0.07754637501035708
2023-08-31,NVDA,0.3126581005586593,0.16834966592427617,0.8907123382624769,0.3400576816552623
2023-09-01,NVDA,0.14959024390243902,0.12060165975103736,0.848018214392356,0.1958754726126999
2023-09-02,NVDA,0.293,0.0,0.707,0.4404
2023-09-05,NVDA,0.2929439252336449,0.289743842364532,0.8749624173180998,0.08489271445358398
2023-09-06,NVDA,0.219538283062645,0.22825352112676053,0.9150624300111982,-0.3112178799489145
2023-09-07,NVDA,0.18,0.095,0.9142844036697247,0.04599999999999997
2023-09-08,NVDA,0.18,0.2902256880733945,0.9423798382749325,-0.36511241593378174
2023-09-09,NVDA,0.1670809968847352,0.0,0.9273261755911932,0.39494643657552664
2023-09-10,NVDA,0.297,0.0,0.703,0.5859
2023-09-11,NVDA,0.271081592039801,0.0,0.8533407407407407,0.5230423555804824
2023-09-12,NVDA,0.15698653198653198,0.3712771213748657,0.8552120582120581,-0.3765983672211953
2023-09-13,NVDA,0.278,0.0,0.8834401858304298,0.4019
2023-09-14,NVDA,0.27068609022556395,0.168,0.8271732382550336,0.479537337402805
2023-09-15,NVDA,0.16615771812080535,0.26662101313320824,0.8787115412603695,0.07145005878203621
2023-09-16,NVDA,0.0,0.183,0.817,-0.1996
2023-09-17,NVDA,0.064,0.0,0.9690578512396695,0.128
2023-09-18,NVDA,0.20517414248021107,0.0,0.88506714994277,0.5849133584550165
2023-09-19,NVDA,0.0,0.0,1.0,0.0
2023-09-20,NVDA,0.26,0.0,0.74,0.1928
2023-09-21,NVDA,0.211,0.205,0.8725023219814243,-0.1367
2023-09-22,NVDA,0.3541850117096019,0.14701476014760145,0.8472867692307693,0.2832174227919753
2023-09-23,NVDA,0.0,0.277,0.8837661056297157,-0.3182
2023-09-25,NVDA,0.0,0.362,0.9124503411675512,-0.5267
2023-09-26,NVDA,0.24083039647577092,0.1701550151975684,0.8760343939198764,0.3286222800982801
2023-09-27,NVDA,0.0,0.208,0.9080714285714285,-0.2732
2023-09-28,NVDA,0.3377463651050081,0.0,0.9238180635569597,0.7018853183651991
2023-09-29,NVDA,0.21194685990338163,0.16556074766355142,0.8871587844254512,0.19323688190808608
2023-09-30,NVDA,0.275,0.121,0.604,0.4215
2023-10-02,NVDA,0.3605349794238683,0.12,0.9503955206099595,0.4473328981164384
2023-10-03,NVDA,0.394,0.0,0.8513300124533003,0.6369
2023-10-04,NVDA,0.136,0.0,0.9589720670391062,0.296
2023-10-05,NVDA,0.18271676300578035,0.204,0.7534893177119227,0.22234899628252788
2023-10-06,NVDA,0.3282255054432348,0.0,0.8713282692880547,0.5239175749318801
2023-10-07,NVDA,0.0,0.0,1.0,0.0
2023-10-08,NVDA,0.1321863117870722,0.0,0.8686039147956245,0.2023
2023-10-09,NVDA,0.0,0.333,0.916718785151856,-0.6124
2023-10-10,NVDA,0.291,0.17,0.863166994879874,-0.027500000000000104
2023-10-11,NVDA,0.0,0.0,1.0,0.0
2023-10-12,NVDA,0.43799999999999994,0.0,0.9039203747072599,0.7906
2023-10-13,NVDA,0.1479225352112676,0.153,0.9052582818641213,0.3575
2023-10-15,NVDA,0.28010040160642574,0.0,0.761311584553928,0.5700135124760076
2023-10-16,NVDA,0.145,0.2104835164835165,0.9250848661446003,-0.3138674245074035
2023-10-17,NVDA,0.213554,0.1936034639927074,0.8722376071248531,-0.0936616852914527
2023-10-18,NVDA,0.25845882352941174,0.2529598930481284,0.8393724422752018,-0.05113293946884996
2023-10-19,NVDA,0.0,0.18498365122615806,0.935439024390244,-0.17350678171359368
2023-10-20,NVDA,0.20698153034300792,0.097,0.8710062196307096,0.5701034630160706
2023-10-22,NVDA,0.0,0.213,0.787,-0.4019
2023-10-23,NVDA,0.41768765133171915,0.0,0.8847652132247245,0.7497061525003645
2023-10-24,NVDA,0.25051456310679615,0.375,0.86877472899729,0.09998497751465814
2023-10-25,NVDA,0.2195670261941448,0.165,0.8644562828475872,0.3781574602566558
2023-10-26,NVDA,0.216,0.216,0.8681121495327103,-0.48479999999999995
2023-10-27,NVDA,0.237,0.0,0.9345526601520087,0.609
2023-10-31,NVDA,0.1735686591276252,0.23259725400457665,0.8976269671408789,0.03017241869052688
2023-11-01,NVDA,0.22785209713024285,0.22677777777777777,0.9301896843291996,0.0253
2023-11-02,NVDA,0.0,0.0,1.0,0.0
2023-11-03,NVDA,0.223,0.085,0.8740330969267139,0.4215
2023-11-04,NVDA,0.0,0.154,0.8459999999999999,-0.3724
2023-11-06,NVDA,0.26335974304068527,0.069,0.9332898975109809,0.641372000843348
2023-11-07,NVDA,0.29082749326145557,0.22,0.9141679454390451,0.6224362061144878
2023-11-08,NVDA,0.22630952380952382,0.0,0.8666676436107854,0.48857556140495184
2023-11-09,NVDA,0.346,0.0,0.9659927862939586,0.6486
2023-11-10,NVDA,0.25,0.233,0.9547379010331701,0.0516
2023-11-11,NVDA,0.0,0.0,1.0,0.0
2023-11-12,NVDA,0.364,0.0,0.636,0.6124
2023-11-13,NVDA,0.21717477656405162,0.0,0.9123423774046482,0.5199701407559703
2023-11-14,NVDA,0.3029368548876746,0.2101614457831325,0.8348796151264264,0.30984745445803735
2023-11-15,NVDA,0.31874,0.0,0.8951907692307692,0.7249701569416499
2023-11-16,NVDA,0.11865070422535212,0.0,0.9141621399176955,0.2201
2023-11-17,NVDA,0.38478186968838524,0.132,0.8429659428571429,0.562022905746535
2023-11-18,NVDA,0.20000000000000004,0.0,0.8000000000000002,0.4588
2023-11-19,NVDA,0.20149867374005306,0.0,0.8852325581395348,0.3669889023467071
2023-11-20,NVDA,0.1679925373134328,0.09800000000000002,0.8798398098048861,0.39492620189352023
2023-11-21,NVDA,0.2892726204465335,0.16263486238532107,0.813113837545292,0.3649417725403548
2023-11-22,NVDA,0.23183468715697036,0.19628386540120793,0.8601730599257557,0.31064053656743845
2023-11-23,NVDA,0.0,0.0,1.0,0.0
2023-11-24,NVDA,0.4421728260869565,0.2400575815738963,0.8244073927653687,0.18291201175374472
2023-11-27,NVDA,0.19050150753768846,0.14,0.9040258319232938,0.31473741446887665
2023-11-28,NVDA,0.1702802359882006,0.0,0.9632848192142018,0.3956471010332951
2023-11-29,NVDA,0.20051532033426187,0.446,0.8892892887746358,0.05056643924626379
2023-11-30,NVDA,0.0,0.231,0.9358472372697725,-0.4019
2023-12-01,NVDA,0.183955223880597,0.279,0.8598541051388068,-0.11426191669276545
2023-12-03,NVDA,0.0,0.0,1.0,0.0
2023-12-04,NVDA,0.16164331210191082,0.3594234079173838,0.8755300685602351,-0.2487884376143432
2023-12-05,NVDA,0.40225526075022877,0.271,0.8490251951738822,0.4715941013742637
2023-12-06,NVDA,0.3362734082397004,0.22081789638932497,0.8627653113741637,0.1987105662059741
2023-12-07,NVDA,0.3418251121076233,0.0,0.81110296010296,0.7146584860498166
2023-12-08,NVDA,0.309456106870229,0.0,0.8784122983870967,0.6588971393235469
2023-12-09,NVDA,0.0,0.0,1.0,0.0
2023-12-11,NVDA,0.14234466019417474,0.12367768595041324,0.9161594705326189,0.15455604048070842
2023-12-12,NVDA,0.14868359941944848,0.24804115226337453,0.892123626062323,0.10394674292825348
2023-12-13,NVDA,0.262,0.083,0.9148870056497175,0.6249
2023-12-14,NVDA,0.231,0.0,0.769,0.2023
2023-12-15,NVDA,0.2179297385620915,0.159,0.7756896252978124,0.4139857198824682
2023-12-16,NVDA,0.169,0.19890449438202248,0.8440068686868686,-0.09369999999999998
2023-12-17,NVDA,0.352,0.09800000000000002,0.9108473239436621,0.6729
2023-12-18,NVDA,0.209,0.0,0.9076945840312676,0.4404
2023-12-19,NVDA,0.2897544910179641,0.21170644391408114,0.8542757690232056,0.3468798828221161
2023-12-20,NVDA,0.13,0.169,0.85094708994709,-0.05189999999999999
2023-12-21,NVDA,0.18534688346883468,0.0,0.8156916002452482,0.33651991621011923
2023-12-22,NVDA,0.0,0.0,1.0,0.0
2023-12-23,NVDA,0.2290174672489083,0.0,0.9003077357425183,0.5653967232039783
2023-12-24,NVDA,0.206,0.0,0.9088272017837234,0.5994
2023-12-25,NVDA,0.0,0.0,1.0,0.0
2023-12-26,NVDA,0.412,0.0,0.9063925811437402,0.743
2023-12-27,NVDA,0.21498578199052132,0.0,0.8714988363072149,0.5486268375105604
2023-12-28,NVDA,0.096,0.0,0.9544201680672271,0.0978
2023-12-29,NVDA,0.3804110327664869,0.108,0.875241006329621,0.6941782270992798
2023-12-30,NVDA,0.3974769230769231,0.0,0.6147803278688525,0.6041190357852882
2024-01-01,NVDA,0.333,0.0,0.667,0.8176
2024-01-02,NVDA,0.193,0.0,0.9138068622025457,0.4767
2024-01-03,NVDA,0.099,0.241,0.8648192771084336,-0.4211
2024-01-04,NVDA,0.20775728155339807,0.167,0.850838196915777,0.28424302569904636
2024-01-05,NVDA,0.353,0.0,0.9137170381564034,0.6124
2024-01-06,NVDA,0.144,0.0,0.856,0.6369
2024-01-07,NVDA,0.0,0.22,0.78,-0.3089
2024-01-08,NVDA,0.285692439862543,0.2007674418604651,0.9144126093785057,0.5522530213934332
2024-01-09,NVDA,0.296,0.0,0.9634670406732119,0.6369
2024-01-10,NVDA,0.169025,0.0,0.9531845070422537,0.22462745230078565
2024-01-11,NVDA,0.34878006872852235,0.0,0.889113516676419,0.6285291706387035
2024-01-12,NVDA,0.0,0.231,0.9627513105472846,-0.2732
2024-01-13,NVDA,0.253,0.09,0.8640006035003018,0.4536
2024-01-14,NVDA,0.2737146529562982,0.3396849315068493,0.6958855193328278,0.239450842216992
2024-01-15,NVDA,0.2232222222222222,0.0,0.7802700449005773,0.3854123498447834
2024-01-16,NVDA,0.19203063063063067,0.19682105263157892,0.7936433931484502,0.6104622916409433
2024-01-17,NVDA,0.2793157894736842,0.342,0.8108912559618442,-0.36763680693327766
2024-01-18,NVDA,0.255,0.0,0.8911318051575932,0.34
2024-01-19,NVDA,0.0,0.0,1.0,0.0
2024-01-20,NVDA,0.139,0.0,0.861,0.235
2024-01-21,NVDA,0.0,0.0,1.0,0.0
2024-01-22,NVDA,0.0,0.0,1.0,0.0
2024-01-23,NVDA,0.27173473108477664,0.0,0.8370575158066489,0.564260274317987
2024-01-24,NVDA,0.401,0.0,0.8497817385866167,0.5212
2024-01-25,NVDA,0.25273117033603704,0.099,0.8632497022628027,0.39402602933881375
2024-01-26,NVDA,0.155,0.0,0.9290108401084011,0.296
2024-01-27,NVDA,0.0,0.0,1.0,0.0
2024-01-28,NVDA,0.123,0.1746863905325444,0.8476459235919652,-0.1979237611181703
2024-01-29,NVDA,0.162,0.326,0.8987813211845103,0.03629999999999999
2024-01-30,NVDA,0.0,0.0,1.0,0.0
2024-01-31,NVDA,0.2258488262910798,0.167,0.8759549433573636,0.28138008696242944
2024-02-01,NVDA,0.3003518850987432,0.121,0.8216456759026028,0.6818662331888407
2024-02-02,NVDA,0.23166943521594685,0.0,0.8071163469557966,0.4976471780733051
2024-02-03,NVDA,0.0,0.0,1.0,0.0
2024-02-04,NVDA,0.0,0.0,1.0,0.0
2024-02-05,NVDA,0.3534259109311741,0.0,0.8614884648742411,0.532594797382862
2024-02-06,NVDA,0.19507708333333335,0.287,0.8552706945061453,0.32467218971838674
2024-02-07,NVDA,0.369,0.163,0.9429081632653061,0.28659999999999997
2024-02-08,NVDA,0.21577725118483412,0.271,0.8464318249925082,0.34521149806522944
2024-02-09,NVDA,0.16260858585858587,0.1700529411764706,0.8505054533060667,0.20639396922628162
2024-02-11,NVDA,0.444,0.231,0.817418064516129,0.49029999999999996
2024-02-12,NVDA,0.2903568800588668,0.172,0.9043311682109084,0.45086662745282574
2024-02-13,NVDA,0.27386454652532394,0.20876404494382023,0.8973542234332426,0.4913873040571692
2024-02-14,NVDA,0.30472547610492273,0.0,0.8536014980706667,0.48445040692417
2024-02-15,NVDA,0.2212161913523459,0.25694170403587446,0.8996359133126937,0.3458470825176084
2024-02-16,NVDA,0.32986708860759495,0.0,0.929818161732214,0.43120098247268734
2024-02-17,NVDA,0.35343076923076927,0.174,0.6239846897663174,0.16670000000000001
2024-02-18,NVDA,0.16540528634361235,0.218,0.8818276340110904,-0.05334090064995362
2024-02-19,NVDA,0.20736603462489694,0.0,0.8905809718902924,0.406539913911172
2024-02-20,NVDA,0.2957664251811142,0.2935845229151014,0.8617615522481104,0.2976509761264912
2024-02-21,NVDA,0.2650773415674166,0.17992532942898976,0.8408745151858703,0.35539670161142645
2024-02-22,NVDA,0.2810340308116809,0.3700826833073323,0.8693259963409344,0.3696727556784869
2024-02-23,NVDA,0.28765381991814465,0.27389493201483317,0.8451130769460273,0.3366913993951878
2024-02-24,NVDA,0.35330055658627085,0.0,0.8992860444958105,0.606390091088134
2024-02-25,NVDA,0.36592,0.0,0.7694254545454545,0.6445119406056034
2024-02-26,NVDA,0.4085662299854439,0.143,0.897704835589942,0.4267383638928068
2024-02-27,NVDA,0.2234971098265896,0.18643977591036417,0.9344584899749374,-0.08462687159147249
2024-02-28,NVDA,0.31621914083741165,0.16,0.8929410814552726,0.5108872826652785
2024-02-29,NVDA,0.2452505518763797,0.1645046296296296,0.8473404927940492,0.43748095142006765
2024-03-01,NVDA,0.29595274102079394,0.21176923076923077,0.8936362204724408,0.3529877127636537
2024-03-02,NVDA,0.22264154103852593,0.32521732283464566,0.8850965499485067,0.14881501703065517
2024-03-03,NVDA,0.185,0.0,0.9464387211367674,0.5267
2024-03-04,NVDA,0.2960267753201397,0.451,0.8864449380406827,0.29606566221973446
2024-03-05,NVDA,0.21528787878787878,0.1508047138047138,0.9036576500422654,0.5083977393429525
2024-03-06,NVDA,0.19814002828854313,0.22499368088467614,0.8309975265017667,-0.11411191958726208
2024-03-07,NVDA,0.2277217125382263,0.1144930875576037,0.8874568973747017,0.3118882016720696
2024-03-08,NVDA,0.282468982630273,0.1750576923076923,0.8865928804940065,0.316662407309322
2024-03-09,NVDA,0.3070495988329686,0.24046976744186047,0.8044482090997095,0.33897362067277886
2024-03-10,NVDA,0.23724944320712696,0.0,0.9247473082838936,0.4424840655588436
2024-03-11,NVDA,0.2799931464174455,0.4788513513513514,0.8963554618252949,0.27041681498630077
2024-03-12,NVDA,0.2304973861090366,0.18332236842105265,0.8402967613068911,0.36899832909928326
2024-03-13,NVDA,0.15871573604060915,0.15906962025316457,0.9099389671361502,0.018377167309074283
2024-03-14,NVDA,0.21372305312016504,0.2860550943396227,0.8445256192738378,0.11889338659468401
2024-03-15,NVDA,0.2699152542372881,0.16,0.870231033741672,0.5349905783369969
2024-03-19,NVDA,0.238,0.161,0.9312247337535318,0.04300000000000003
2024-03-20,NVDA,0.26266740905716407,0.21932663010359535,0.8950094472571638,0.3556827523101602
2024-03-21,NVDA,0.3176941849954806,0.2307556886227545,0.8639311138827593,0.4345575336051124
2024-03-22,NVDA,0.3302059742966308,0.22218346253229976,0.8612770892913886,0.608909474962883
2024-03-23,NVDA,0.28733652312599683,0.22501228878648233,0.777952306182532,0.5273528713659896
2024-03-24,NVDA,0.211,0.0,0.9403087128002867,0.4939
2024-03-25,NVDA,0.3162521423007011,0.22182637954239573,0.8303511545775604,0.5474853214595474
2024-03-26,NVDA,0.3504367385192128,0.0,0.8831815270520816,0.5765302552329507
2024-03-27,NVDA,0.17818083182640143,0.19,0.9262677515872437,0.3410297483068837
2024-03-28,NVDA,0.34883971972848693,0.095,0.8347489366343112,0.5865824773413898
2024-03-29,NVDA,0.3610211898940506,0.1630734693877551,0.8591132643128926,0.5990965903487144
2024-03-30,NVDA,0.3960147523709167,0.057,0.8351204922724672,0.7724089932362846
2024-03-31,NVDA,0.3729594594594595,0.13517460317460317,0.7470494870247435,0.6296208948250749
2024-04-01,NVDA,0.36535582294800173,0.19650259067357512,0.8416791884468857,0.5842078460484239
2024-04-02,NVDA,0.3294514308746474,0.2575562372188139,0.8107078472429954,0.4261081919715875
2024-04-03,NVDA,0.3818331160365059,0.15287392550143267,0.8370303498665167,0.5378084555106168
2024-04-04,NVDA,0.2996293420514916,0.2638580060422961,0.8494233933161953,0.25236349225803817
2024-04-05,NVDA,0.3279734954786405,0.18903071017274473,0.8431158974989246,0.498470227250624
2024-04-06,NVDA,0.34642154451549434,0.18690860215053764,0.7256695263628241,0.5214698029643423
2024-04-09,NVDA,0.3708124191461837,0.1919291338582677,0.8291300721051887,0.43889292456991613
2024-04-10,NVDA,0.32108903544929923,0.2408727165586329,0.8309507910110442,0.34293958067904956
2024-04-11,NVDA,0.3113678678678679,0.2776803966437834,0.8296084183057071,0.3501833226564168
2024-04-12,NVDA,0.2650580879386849,0.2604100074682599,0.8728229712505311,0.08521771556082423
2024-04-13,NVDA,0.31210987482614744,0.152,0.8319110338949716,0.4731940773654953
2024-04-14,NVDA,0.4097232947232947,0.39,0.7151898422090729,0.5453840187115908
2024-04-15,NVDA,0.28523047091412745,0.173,0.8056012532042154,0.5503548497882698
2024-04-16,NVDA,0.4070405035577449,0.223,0.8737077386934673,0.5861951598489435
2024-04-17,NVDA,0.36427422003284077,0.2178468899521531,0.8238856983329345,0.5332749142907895
2024-04-18,NVDA,0.3393138851198553,0.31022067039106144,0.865871820378002,0.22738516850360324
2024-04-19,NVDA,0.3276533004318322,0.2763171449595291,0.8183100850704591,0.3278687823773009
2024-04-20,NVDA,0.36025530694205393,0.1861240657698057,0.8220466876237047,0.4827734173957797
2024-04-22,NVDA,0.3341722260040844,0.21618196457326894,0.7839642754525428,0.43382396825082636
2024-04-23,NVDA,0.2886350456980776,0.3764528925619835,0.8372094567747063,0.35049657784085636
2024-04-24,NVDA,0.25019863306279366,0.23383561643835615,0.8626328756323501,0.3183884737119747
2024-04-25,NVDA,0.240152629328773,0.168968253968254,0.8726177505538902,0.4805466047325446
2024-04-26,NVDA,0.2718593591905565,0.40908542246982366,0.8390515390965917,0.3317936162195847
2024-04-27,NVDA,0.27424652338811634,0.0,0.7880874861572537,0.6151581263328628
2024-04-28,NVDA,0.231,0.0,0.860016548463357,0.5055145411965085
2024-04-29,NVDA,0.3186733386709367,0.094,0.9335320348539211,0.46530292713967547
2024-04-30,NVDA,0.30647947327652986,0.23608282208588957,0.8827473826409997,0.4856931584686909
2024-05-01,NVDA,0.22819253058596267,0.30500205128205127,0.8873360854783875,0.12706351242552733
2024-05-02,NVDA,0.22724635761589407,0.17070230607966458,0.9013966316991365,0.3326034039597082
2024-05-03,NVDA,0.27075,0.10499999999999998,0.8613673469387756,0.605152651871356
2024-05-04,NVDA,0.3594805414551608,0.194,0.8525507156191662,0.5989000000000001
2024-05-05,NVDA,0.2181635111876076,0.156,0.8722929861599813,0.4740534684403178
2024-05-06,NVDA,0.32593926247288507,0.0,0.9438992597941868,0.577208698927847
2024-05-07,NVDA,0.3049926315789474,0.24800109289617484,0.8600143108917871,0.18526127438560933
2024-05-08,NVDA,0.2757764060356653,0.2832239685658154,0.861928934516097,0.290698859005705
2024-05-09,NVDA,0.2687749901999216,0.1772465208747515,0.8814343924839015,0.3628749207274224
2024-05-10,NVDA,0.26790212071778136,0.0,0.8845443786982249,0.5859418845111528
2024-05-11,NVDA,0.277,0.0,0.8362461161079314,0.609
2024-05-12,NVDA,0.3241587561374796,0.189,0.7426281818181818,0.3340627906976744
2024-05-13,NVDA,0.24924933214603742,0.0,0.9100892609576622,0.4629210345446619
2024-05-14,NVDA,0.38094152046783625,0.23863636363636365,0.8704253003003003,0.5204271181771674
2024-05-15,NVDA,0.21201809408926417,0.17813626834381552,0.8533462210027437,0.3232760614330139
2024-05-16,NVDA,0.2526130923302393,0.23847727272727273,0.8218306888544891,0.36106057687301507
2024-05-17,NVDA,0.22331113695841817,0.24753734061930785,0.8422968772907199,0.2106907996744764
2024-05-18,NVDA,0.3753195187165775,0.0,0.7332985159817352,0.5290314601834328
2024-05-23,NVDA,0.31895031418968284,0.29732269630692004,0.8220250784585371,0.242011848536134
2024-05-24,NVDA,0.31000636492220657,0.20586339622641514,0.8687849810913019,0.3286083060209906
2024-05-25,NVDA,0.33058631921824105,0.157,0.904658242329693,0.3888261119000284
2024-05-29,NVDA,0.251092175066313,0.17519377990430623,0.8949119593069952,0.4058503396672246
2024-05-30,NVDA,0.2495319587628866,0.21996175908221796,0.8707887860642352,0.3146171773152376
2024-05-31,NVDA,0.26708783216783216,0.1413793103448276,0.8719959544879899,0.3988467732786855
2024-06-01,NVDA,0.2783694740238787,0.140971119133574,0.8074996831432192,0.5116404259577378
2024-06-06,NVDA,0.27048551564310547,0.1795265700483092,0.918326713548426,0.39142698390985414
2024-06-07,NVDA,0.2598725701943845,0.14894002306805074,0.9096798108439463,0.38114949983682617
2024-06-08,NVDA,0.32147546207775657,0.059,0.9315829464940142,0.5469853759349167
2024-06-11,NVDA,0.26434939759036147,0.20000000000000004,0.9118923382590338,0.19095289390519188
2024-06-12,NVDA,0.26244766410408044,0.28111963190184047,0.9321997404388206,0.32920417170147875
2024-06-13,NVDA,0.31699661016949154,0.26871685971685977,0.8537374250584292,0.4502745913628811
2024-06-14,NVDA,0.2815774529097554,0.18887104773713578,0.8563423925667828,0.3339382076737322
2024-06-15,NVDA,0.213364238410596,0.1304114583333333,0.9109603144889554,0.08697212991645546
2024-06-20,NVDA,0.2918251093066833,0.21385534591194968,0.8549432016632017,0.23459238738411642
2024-06-21,NVDA,0.3478879069082339,0.25354854552323386,0.8766408154859967,0.285245469409797
2024-06-22,NVDA,0.29017814371257483,0.26081220657276993,0.8746471975331036,0.3653026745281585
2024-06-26,NVDA,0.36609373450157046,0.226301329394387,0.8241685287913117,0.47714755949501125
2024-06-27,NVDA,0.29233268520318884,0.22802173913043478,0.8025681687270151,0.40271676740584034
2024-06-28,NVDA,0.26473364245234415,0.23986039453717756,0.8505861344537815,0.3599699781572901
2024-06-29,NVDA,0.2717339055793992,0.11882978723404256,0.9341550789251717,0.10869484762113574
2024-07-01,NVDA,0.3380781379883624,0.2207314148681055,0.8331037845575736,0.49894836524451036
2024-07-02,NVDA,0.23618737976144671,0.26243995313415347,0.8658593685180916,0.16412119209446552
2024-07-03,NVDA,0.31853419304415787,0.1934847328244275,0.8443281598045556,0.4171954407959474
2024-07-04,NVDA,0.3640829671749806,0.14385572139303482,0.8394655110579796,0.5480841916167665
2024-07-05,NVDA,0.29608397600685515,0.20293769470404985,0.8182363294600137,0.41373834142956284
2024-07-06,NVDA,0.26449152542372883,0.2631985670419652,0.8077796793370563,0.11500729718004339
2024-07-09,NVDA,0.3304382402707276,0.2343206197854589,0.9167608397096332,0.27732335627963905
2024-07-10,NVDA,0.276708843537415,0.1996116504854369,0.863732113675316,0.4225428561428072
2024-07-11,NVDA,0.26786429872495443,0.31172636103151863,0.8381496390893948,0.17409370153007753
2024-07-12,NVDA,0.32340389105058365,0.20009959072305594,0.8709076627486436,0.37890592285983066
2024-07-13,NVDA,0.19957089552238808,0.2048533007334963,0.9008140326009922,0.16811265052440763
2024-07-15,NVDA,0.23748444444444447,0.0,0.9033430985915494,0.508682006006006
2024-07-16,NVDA,0.26919964028776977,0.129,0.8776945625091601,0.4785048834569596
2024-07-17,NVDA,0.22356501726121977,0.2723488372093023,0.8692503971001506,-0.006197782532324324
2024-07-18,NVDA,0.29697056762438684,0.28662764456981665,0.8623615976078598,0.07145427282743422
2024-07-19,NVDA,0.2558100250626566,0.2706010362694301,0.8711948121327239,0.2033814546163596
2024-07-20,NVDA,0.2335754614549403,0.0,0.9002857748269529,0.6009312821811429
2024-07-23,NVDA,0.23013846153846154,0.0,0.9011884344146686,0.4753227848101265
2024-07-24,NVDA,0.2292556219755195,0.18674261201143946,0.8591755214833303,0.3483596894125152
2024-07-25,NVDA,0.2407174348697395,0.192619312906221,0.8682631615429938,0.1110878898110117
2024-07-26,NVDA,0.297639046538025,0.2773986970684039,0.8646067303081818,0.2617599444556499
2024-07-27,NVDA,0.31309710258418166,0.12356540084388185,0.8070415603353993,0.43859045961946946
2024-07-31,NVDA,0.22932693911592994,0.26554888507718694,0.8588270344669381,0.25439108052454756
2024-08-01,NVDA,0.2528632478632479,0.1573314917127072,0.890720948710818,0.30981718546238024
2024-08-02,NVDA,0.30808822251195134,0.19112830613393358,0.8559918092406945,0.3098121267485013
2024-08-03,NVDA,0.15944444444444444,0.23258660130718956,0.8848973329509606,-0.22637133863610664
2024-08-05,NVDA,0.30611187214611874,0.2913469971401335,0.7789432624113475,-0.11436536767760702
2024-08-06,NVDA,0.3197385811467444,0.21621331316187592,0.8624046686746988,0.33479824552139303
2024-08-07,NVDA,0.2910817031070196,0.2888869346733668,0.8618921867479545,0.11575409393031916
2024-08-08,NVDA,0.16174455445544555,0.2605003673769288,0.8672499008330028,-0.09724322210371275
2024-08-09,NVDA,0.3081316857248248,0.21916164383561643,0.8124733292872074,0.07926601449021738
2024-08-10,NVDA,0.23455272727272727,0.22501864801864802,0.9122045879566137,0.10003082617708024
2024-08-13,NVDA,0.2494647850171459,0.20573145780051152,0.8621931878658862,0.37147304569108486
2024-08-14,NVDA,0.2710716934487021,0.21032620320855616,0.8708502145670449,0.1564685691645429
2024-08-15,NVDA,0.26602381619501264,0.1950305958132045,0.8509604511774977,0.2958869834710744
2024-08-16,NVDA,0.3158408910103421,0.18993889427740057,0.8428331373227258,0.43848821391484955
2024-08-17,NVDA,0.3457155844155844,0.1688580931263858,0.7447987622279896,0.2703091773426799
2024-08-21,NVDA,0.3101528285955531,0.28216483516483515,0.854306910379558,0.3612227713101555
2024-08-22,NVDA,0.23242707471739732,0.183256038647343,0.8540820591233436,0.30078544621133707
2024-08-23,NVDA,0.2645559210526316,0.1622443970117396,0.8340090721099327,0.46180330577696127
2024-08-24,NVDA,0.3266723549488054,0.135,0.8822416482516574,0.558183581848305
2024-08-29,NVDA,0.27153918260217474,0.20976874719353392,0.8830947366052342,0.32968415179391697
2024-08-30,NVDA,0.2706608212147134,0.3268716875871688,0.8651234701874962,0.25891829683385775
2024-08-31,NVDA,0.2416352941176471,0.2364712153518124,0.8895902537485583,-0.12764074814213444
2024-09-04,NVDA,0.35435609181871686,0.197,0.8534114515710205,0.5244923870047339
2024-09-05,NVDA,0.2946625639083507,0.27265262475696694,0.8521282961183599,0.2320586440957206
2024-09-06,NVDA,0.24956785243741766,0.20689886731391588,0.8324686110617109,0.026809491216414582
2024-09-07,NVDA,0.27843890675241156,0.1288100890207715,0.8394586384171989,0.5993409426631944
2024-09-11,NVDA,0.41949624060150376,0.33728319882611885,0.9127424619527521,0.29521120382662197
2024-09-12,NVDA,0.22981138942410614,0.2366111420612813,0.8586096911270376,0.22585622921679827
2024-09-13,NVDA,0.20967479674796752,0.190914606741573,0.8656242929443287,0.38606326077212405
2024-09-14,NVDA,0.1947099447513812,0.0,0.9371463993100475,0.2549521146522349
2024-09-15,NVDA,0.0,0.138,0.9691983428275505,-0.1531
2024-09-16,NVDA,0.34908337236533954,0.0,0.917598161873703,0.570709388739186
2024-09-17,NVDA,0.29939671361502346,0.167,0.9262573890391744,0.35637736832854877
2024-09-18,NVDA,0.2759490156486623,0.22508012820512824,0.8887008479228938,0.19068050998704253
2024-09-19,NVDA,0.27081430745814306,0.19152443754848722,0.8380813899613898,0.389329616739408
2024-09-20,NVDA,0.34431252600915524,0.22453955135773318,0.8576889491525423,0.22167346166921637
2024-09-21,NVDA,0.2356401766004415,0.315,0.867195179584121,0.34487458786264485
2024-09-23,NVDA,0.21214076782449726,0.3742549019607843,0.7233253182461102,-0.04172066497224956
2024-09-24,NVDA,0.22555415430267062,0.18032764505119456,0.8735150663611603,0.2981840744570838
2024-09-25,NVDA,0.281329039381671,0.16972843450479236,0.8488544022906228,0.4415033987932476
2024-09-26,NVDA,0.33769097709209905,0.184,0.9161094929592547,0.4820412435476302
2024-09-27,NVDA,0.27601950585175555,0.19213020833333336,0.9061203065927804,0.43391989579477835
2024-09-28,NVDA,0.22095436507936508,0.13644961240310077,0.8584505494505494,0.3863453415885671
2024-10-01,NVDA,0.141,0.21499999999999997,0.644,-0.2561
2024-10-02,NVDA,0.28238674821610604,0.22289701579871266,0.8633882233137655,0.30588780347967975
2024-10-03,NVDA,0.245450810403317,0.25981621187800963,0.8666932687129779,0.019665913275517016
2024-10-04,NVDA,0.29584691442209343,0.2581385108086469,0.8310661355589277,0.3289515159782471
2024-10-05,NVDA,0.0,0.16,0.976986301369863,-0.22629999999999997
2024-10-08,NVDA,0.2909602339181287,0.0,0.9255704112952732,0.4164033468724614
2024-10-09,NVDA,0.347362962962963,0.14999679829242263,0.8251693420492786,0.5272539681412158
2024-10-10,NVDA,0.21865836298932384,0.13826315789473684,0.927800435998294,0.20844745295874287
2024-10-11,NVDA,0.27265307037203046,0.25013798449612407,0.839423972393308,0.3580775797650382
2024-10-12,NVDA,0.25729032258064516,0.238,0.9122661985317587,0.29841948797175016
2024-10-15,NVDA,0.2484900269541779,0.2519275362318841,0.86828374898845,0.30536274157687704
2024-10-16,NVDA,0.2920619684082625,0.23651088201603668,0.8495294599763228,0.14728290369687191
2024-10-17,NVDA,0.2600099236641221,0.35021836228287834,0.9075841870649878,0.27992286616212714
2024-10-18,NVDA,0.27886032300305547,0.0,0.916173778476838,0.46807785252131046
2024-10-19,NVDA,0.132,0.15604109589041096,0.9174818566955241,-0.3551023224503534
2024-10-21,NVDA,0.3015224148236701,0.0,0.8153069385174648,0.5483478096011918
2024-10-22,NVDA,0.28725468164794005,0.162663430420712,0.8084063220528077,0.45346772691240583
2024-10-23,NVDA,0.29713817330210773,0.21661484918793505,0.8606802589672636,0.4817895924794068
2024-10-24,NVDA,0.34209029850746264,0.442,0.903734361528882,0.330880572027161
2024-10-25,NVDA,0.3003001912045889,0.12385382059800668,0.842890264730999,0.5088589626239511
2024-10-26,NVDA,0.3354282460136675,0.0,0.858443959243086,0.5458450298210735
2024-10-28,NVDA,0.45802133712660026,0.337,0.8473631313131312,0.021711877026540222
2024-10-29,NVDA,0.20839579090291924,0.14739130434782607,0.9181068712300027,0.3497185255344647
2024-10-30,NVDA,0.23548361934477377,0.13439919354838709,0.8897974144984455,0.3752492648290183
2024-10-31,NVDA,0.23336252129471888,0.249174629324547,0.8495902074160523,0.2505632840984246
2024-11-01,NVDA,0.20835573580533023,0.20107992733878294,0.9010698011233177,0.2448482559084555
2024-11-02,NVDA,0.30883641674780915,0.0,0.9109714034867679,0.5118967531466735
2024-11-04,NVDA,0.1015615763546798,0.238,0.9518800105834105,-0.05225654340414373
2024-11-05,NVDA,0.2671131008482564,0.2611822570911286,0.8433491877256318,0.21896194946039824
2024-11-06,NVDA,0.3607160220994475,0.26283633387888705,0.8317542646965566,0.6036938752296789
2024-11-07,NVDA,0.30870313253012044,0.0,0.8890181044487426,0.5404711950579488
2024-11-08,NVDA,0.2515816398037842,0.34847540983606556,0.8896458379430897,0.3458619653881833
2024-11-09,NVDA,0.0,0.0,1.0,0.0
